x,y,z,agent_type
11.641811989796969,0,93.17269527082814,Susceptible
59.37413912051054,0,47.86632864893529,Susceptible
91.79694121971848,0,25.236991266937082,Susceptible
40.167974604816834,0,85.6268329977327,Susceptible
58.380260562908504,0,95.55418288456161,Susceptible
2.4095812347592727,0,80.92868271599828,Susceptible
14.228855190843582,0,33.51355957330184,Susceptible
97.14054332066684,0,80.98087517801244,Susceptible
5.768760097686398,0,56.97989346159319,Susceptible
80.51874821514498,0,37.95433042198321,Susceptible
79.00622350623053,0,13.547663422279632,Susceptible
16.634654195957555,0,39.28874771212574,Susceptible
67.95816230228331,0,32.59540584256428,Susceptible
90.91310800013277,0,38.939984824120174,Susceptible
94.32578597652046,0,89.70586891632566,Susceptible
63.502884349106495,0,90.49507714843406,Susceptible
44.42361624257746,0,66.39432033574182,Susceptible
77.70576808494656,0,84.19038571834567,Susceptible
51.84128842858286,0,81.19608658420749,Susceptible
64.02107425120359,0,78.96272342492652,Susceptible
74.4829434240137,0,49.75268616466308,Susceptible
97.77308365592954,0,79.97394860263249,Susceptible
48.641970959734294,0,99.66232008054965,Susceptible
37.73902377438336,0,94.24451437852852,Susceptible
3.6010679953673352,0,56.43251093870272,Susceptible
14.990180316253298,0,29.12599336888523,Susceptible
95.68414274004724,0,79.43950956764199,Susceptible
80.16576959481779,0,30.280399093982137,Susceptible
20.402273400125758,0,21.898359327979744,Susceptible
28.001245446852796,0,90.16523439124326,Susceptible
12.425471450137938,0,41.93955468909515,Susceptible
82.34323752972945,0,41.66678365594995,Susceptible
63.16705762399961,0,82.06836618386394,Susceptible
60.284729112569146,0,96.10195682116024,Susceptible
16.902204313851577,0,34.948547963502804,Susceptible
63.332227333899105,0,27.283671614333173,Susceptible
21.506906926771553,0,14.435935499136644,Susceptible
83.541013724765,0,81.75514630188663,Susceptible
2.8402873470125822,0,46.12449968486976,Susceptible
13.830028094475255,0,65.42139088313465,Susceptible
37.32722535932596,0,33.17623418285724,Susceptible
74.34906030787187,0,11.163437354767304,Susceptible
28.805738729577445,0,91.04679417030158,Susceptible
57.211975235175494,0,6.929262265656677,Susceptible
26.176870524467244,0,41.60633204516617,Susceptible
34.18166919848359,0,71.11989303823914,Susceptible
56.139648506604026,0,98.01519495846972,Susceptible
44.28487130785342,0,29.471480321387656,Susceptible
41.33403447830509,0,27.335363542066137,Susceptible
66.08984719451983,0,97.43329834504866,Susceptible
39.7417484780881,0,85.71762378265197,Susceptible
81.81534707541394,0,53.00488073141043,Susceptible
32.14004721028982,0,20.549645087545322,Susceptible
57.51004613540117,0,25.000202828446138,Susceptible
81.56121173291372,0,47.77953678414541,Susceptible
22.11420907005639,0,91.85493954448263,Susceptible
52.220473963546674,0,13.017003921886051,Susceptible
98.22130672398396,0,34.675404498721186,Susceptible
25.12575743319848,0,72.72548603115354,Susceptible
83.0825031645081,0,53.70125178716019,Susceptible
40.05271457586213,0,56.512866703226564,Susceptible
1.3984661512370655,0,77.00642400515585,Susceptible
34.75611551398606,0,8.289263748005848,Susceptible
14.810875153943426,0,90.85902006678003,Susceptible
85.67221685001401,0,48.92403635630161,Susceptible
62.35840434660016,0,13.936434064438263,Susceptible
10.579739806082411,0,71.97058990265496,Susceptible
18.852180745183468,0,5.324820954495424,Susceptible
55.18703971258297,0,76.78242191373216,Susceptible
68.50572373924409,0,16.704095947642095,Susceptible
49.59135231786887,0,34.64194438887546,Susceptible
36.73441620265695,0,9.761175893475304,Susceptible
73.09698490145493,0,14.412509358549642,Susceptible
20.485021338679132,0,43.21186131155667,Susceptible
71.25000906820217,0,36.07110417036302,Susceptible
36.877244441903215,0,2.9504892427918428,Susceptible
12.450419932242863,0,33.02746822234121,Susceptible
21.944863057402863,0,1.6842430411673437,Susceptible
2.632552810517741,0,2.9026582002082524,Susceptible
74.70628410473017,0,6.363748930049907,Susceptible
10.531312484309808,0,19.391986691725105,Susceptible
38.8415990361475,0,49.04830452433411,Susceptible
91.18686572603076,0,87.06779732871316,Susceptible
60.88565384416227,0,40.69488457496937,Susceptible
59.938929930983356,0,66.72534434399871,Susceptible
83.80946537085117,0,34.01980879472681,Susceptible
9.624402399466558,0,16.558099279085802,Susceptible
46.00020441358552,0,2.5652552561391095,Susceptible
80.75579316561192,0,8.806074884960392,Susceptible
29.355027774515563,0,11.030560260992683,Susceptible
88.32536308729367,0,53.2579416373333,Susceptible
81.1140301281253,0,0.5775786286432827,Susceptible
45.353966249282365,0,29.21942601823594,Susceptible
24.110366739815746,0,75.13767441152426,Susceptible
5.916691399022433,0,10.03347232558508,Susceptible
11.339053823123956,0,9.215774923961707,Susceptible
32.156114695188734,0,47.43423761972595,Susceptible
46.90766721573383,0,87.46330127773383,Susceptible
75.53455136226248,0,29.126360528185547,Susceptible
86.62849229138901,0,13.697966042316246,Susceptible
23.25845531585592,0,12.784014171998702,Susceptible
44.2623771526539,0,47.3410996997315,Susceptible
46.70070400188416,0,92.46129909576733,Susceptible
73.4534906789852,0,49.74038001002008,Susceptible
67.22111688479919,0,66.67989556820815,Susceptible
74.5278703413158,0,13.338969090536068,Susceptible
33.15744979923403,0,13.217207950458032,Susceptible
54.71162085047697,0,65.76075743916965,Susceptible
86.98262997859587,0,91.60684064476254,Susceptible
38.74631925544283,0,88.1878460996481,Susceptible
77.8615569082707,0,23.650339869909097,Susceptible
95.3196865177396,0,80.7274333046814,Susceptible
53.58551809763985,0,5.347410870019608,Susceptible
61.659254857105374,0,58.20663362125214,Susceptible
38.02328256271126,0,48.05798869994877,Susceptible
69.0798970889286,0,40.28287322533481,Susceptible
62.95781534664033,0,55.14915367808732,Susceptible
65.92103307835126,0,83.71915410269489,Susceptible
24.935326635305987,0,56.24594541581125,Susceptible
93.96695729310649,0,8.865539999086003,Susceptible
61.02714376997379,0,43.55790822434764,Susceptible
8.598005390031616,0,37.58558012246803,Susceptible
79.06752170012376,0,65.31028597374683,Susceptible
70.12214892449138,0,76.26644162381373,Susceptible
83.07023572810468,0,84.94300006567099,Susceptible
10.800868687816667,0,41.52681889476221,Susceptible
32.4839112929287,0,25.62200682813768,Susceptible
9.431931631745993,0,85.76991324659761,Susceptible
7.628798536094017,0,20.20391424401945,Susceptible
26.299376311763133,0,63.78603978540261,Susceptible
44.3512740773437,0,85.21442394896225,Susceptible
83.46328075239553,0,88.72382978467171,Susceptible
4.798541246693233,0,93.55789125347812,Susceptible
96.53379189719821,0,59.09331795381107,Susceptible
2.8337185783328667,0,86.43833135756734,Susceptible
53.181089642081446,0,52.33776544297582,Susceptible
88.11916852623082,0,31.348787104594976,Susceptible
33.21413630278647,0,91.6280529379457,Susceptible
70.06081266403456,0,48.1332951324393,Susceptible
78.38597308493021,0,30.39620572722086,Susceptible
76.71625629966854,0,1.235608129713206,Susceptible
28.00831763504419,0,10.302975463160568,Susceptible
23.22559150746818,0,64.21701203023716,Susceptible
16.03011236472457,0,66.36276830674468,Susceptible
18.512663929897265,0,93.04378768593804,Susceptible
84.71955421307024,0,73.62387951099052,Susceptible
57.75157879798546,0,36.04712020348807,Susceptible
66.35350054431719,0,27.264794619296893,Susceptible
3.3607443545283777,0,6.211467271046278,Susceptible
0.9747372496097806,0,20.596953391991146,Susceptible
73.5316945352945,0,80.62813275739067,Susceptible
83.81843403761529,0,82.54849602637773,Susceptible
87.82015371684157,0,58.07396317954324,Susceptible
12.26291255485783,0,21.744105942592572,Susceptible
46.251874858570105,0,57.41647216048909,Susceptible
44.96278799398667,0,10.120372356505536,Susceptible
46.68867051842902,0,12.191667402579842,Susceptible
14.695372983366395,0,28.74612075599572,Susceptible
17.81548149454446,0,75.31644386947838,Susceptible
7.243009917204734,0,52.14071616457212,Susceptible
39.55202164684991,0,41.56384383693289,Susceptible
38.665793680136694,0,66.04888993431359,Susceptible
49.14488993174266,0,35.91851556475223,Susceptible
5.69221511703285,0,15.71889451686539,Susceptible
88.31975557595901,0,81.06742088018284,Susceptible
5.228674803104227,0,74.38240371103991,Susceptible
71.51527137752335,0,40.41697621957889,Susceptible
85.15310883795931,0,88.83889110020733,Susceptible
77.86199287103301,0,1.6948072457946384,Susceptible
46.627215240245256,0,76.06807664108914,Susceptible
65.25155010696788,0,46.10018392908418,Susceptible
37.872555545409035,0,47.19596203204559,Susceptible
94.16702430439565,0,14.049759483854674,Susceptible
96.77314353174154,0,89.79551690094063,Susceptible
11.661643039073876,0,11.529055003757993,Susceptible
90.19523641788886,0,98.79967131013471,Susceptible
72.69875371129689,0,18.13774385451459,Susceptible
67.38592068390854,0,68.65500579383864,Susceptible
64.00351257534628,0,29.88630376088747,Susceptible
53.86553409285608,0,37.62095912850545,Susceptible
9.238389388751568,0,1.8988981650661096,Susceptible
18.455841544603402,0,68.3543054379279,Susceptible
20.35192031950538,0,64.3734958375179,Susceptible
1.8251362476605193,0,61.10455136479659,Susceptible
81.74236895468322,0,98.28895789578091,Susceptible
23.759573465566863,0,24.260188775408764,Susceptible
96.32590672084629,0,31.274595912868353,Susceptible
9.145132791458598,0,60.48540604181323,Susceptible
52.5523451135944,0,6.431576634445369,Susceptible
73.68564742669135,0,36.13125034041467,Susceptible
40.73885556786803,0,24.05036163985669,Susceptible
24.58790831623133,0,11.46105315862187,Susceptible
10.743306048231926,0,72.59839693837323,Susceptible
90.38817688350346,0,3.3546455254315766,Susceptible
71.01667815716908,0,32.22923866076476,Susceptible
24.009917556790228,0,73.54766883803217,Susceptible
45.00495650253974,0,17.479749973895586,Susceptible
28.518535926862164,0,43.7886684144837,Susceptible
68.35304281593656,0,31.98419806323134,Susceptible
39.73899890516487,0,87.31583460033671,Susceptible
32.11299207640022,0,63.68498978167367,Susceptible
59.19235036042269,0,77.28913801809671,Susceptible
61.05536734699501,0,70.07600296276149,Susceptible
42.73251033538333,0,74.33524393871241,Susceptible
44.27663348461386,0,96.3556450766807,Susceptible
59.38403660870646,0,5.68034161284765,Susceptible
25.11029325030629,0,59.92262539343615,Susceptible
36.16600408562031,0,11.968787593549024,Susceptible
31.491660676871035,0,87.04050152241255,Susceptible
81.46645144600849,0,5.953886451106516,Susceptible
83.34516378877319,0,48.84953456622625,Susceptible
50.27735987189463,0,18.075401947342996,Susceptible
62.28096411937294,0,93.95902443136262,Susceptible
95.07506503111468,0,47.74664831870703,Susceptible
23.069418272562515,0,3.234506952030569,Susceptible
6.539122737082237,0,37.62681305162155,Susceptible
65.37540450852981,0,87.04894232076889,Susceptible
79.30994099449653,0,61.73511549965739,Susceptible
35.777015157552285,0,61.715398866233116,Susceptible
21.41636170790411,0,24.87643263726852,Susceptible
77.33606963969928,0,51.05720586107897,Susceptible
42.80723883337546,0,1.9857115700955164,Susceptible
55.451367588823494,0,4.993772711605626,Susceptible
76.11868051160559,0,10.442139976405763,Susceptible
33.78592934793021,0,79.68999877269523,Susceptible
13.906650099623274,0,92.28752131618396,Susceptible
42.567424936742796,0,7.354805813572285,Susceptible
32.61913297309322,0,8.664805545091248,Susceptible
7.457556066328241,0,44.84939420110027,Susceptible
85.34613990037045,0,29.542375634490448,Susceptible
22.377449887363078,0,80.8214683725949,Susceptible
60.08508717789649,0,31.195849607740765,Susceptible
60.08342068256698,0,2.489311677129813,Susceptible
37.762687419001885,0,1.0776280598372212,Susceptible
29.710186577049836,0,62.20138551780815,Susceptible
10.081823987108196,0,31.922242591556117,Susceptible
19.178944878617866,0,26.253917999111685,Susceptible
33.05930433816668,0,55.9258094315335,Susceptible
13.151612764604149,0,82.69575857860588,Susceptible
71.3535261522443,0,9.872762932943392,Susceptible
30.36901089150983,0,45.99339052819366,Susceptible
93.34556052809863,0,88.17054129168203,Susceptible
82.17403421731004,0,53.20492337891219,Susceptible
68.051979442628,0,83.0264738781681,Susceptible
1.5354286050706878,0,19.474639596014352,Susceptible
61.94643500632374,0,97.53384016166044,Susceptible
28.364491274951586,0,71.88475882501676,Susceptible
84.7020541637035,0,57.23628292723662,Susceptible
51.940218542420666,0,71.72927903944009,Susceptible
93.93480133334886,0,74.11931162401403,Susceptible
57.12183783231857,0,35.189978062938806,Susceptible
3.7756791958929337,0,91.03105586296908,Susceptible
15.624470086648223,0,90.39057197563996,Susceptible
80.56002244809311,0,25.4461985857349,Susceptible
90.34583854539027,0,1.2764367590346382,Susceptible
65.86399346673022,0,89.60127746631393,Susceptible
98.59862614855427,0,15.881392645180059,Susceptible
42.74338540731883,0,62.93272248839376,Susceptible
12.194881340546104,0,49.89207425359885,Susceptible
56.871665879502984,0,62.58886768843873,Susceptible
25.998058940287393,0,34.95762283960112,Susceptible
49.08850828415693,0,30.822754286730348,Susceptible
82.17294023159867,0,1.7986518881414226,Susceptible
51.69620949864488,0,69.74632239347353,Susceptible
66.28650980229447,0,32.30678019315535,Susceptible
57.03314389762117,0,47.78811847100742,Susceptible
43.88836654713882,0,63.019586696389474,Susceptible
66.42751615304125,0,84.87535144540304,Susceptible
2.27665115550284,0,25.81767835088836,Susceptible
25.398900228557185,0,89.26855122653218,Susceptible
66.6328785870289,0,85.77240691084855,Susceptible
18.368286571490266,0,20.515149454769865,Susceptible
10.752996191538955,0,58.91892679913301,Susceptible
52.84694081374425,0,73.09100428919751,Susceptible
5.61980561941261,0,1.8284457846222124,Susceptible
1.3544375117360286,0,78.34725896552038,Susceptible
9.589824085622457,0,3.57414911437266,Susceptible
93.85625394696388,0,86.60785790109476,Susceptible
36.93636241659966,0,6.621266936958792,Susceptible
92.56295750840215,0,32.98334411474304,Susceptible
37.051623001653844,0,14.26005254068664,Susceptible
79.20388297847045,0,79.46045818327626,Susceptible
8.870023149064888,0,88.22621303384226,Susceptible
87.16243920108074,0,76.78849118151592,Susceptible
13.415021926139115,0,93.3573905275214,Susceptible
46.07978467351761,0,1.437069486792819,Susceptible
84.54658584528572,0,23.759109648488685,Susceptible
16.183770505231298,0,29.498359666915952,Susceptible
31.047118268421215,0,78.67825295797824,Susceptible
89.51669943108597,0,80.85578777937158,Susceptible
48.13102741023365,0,27.44009467240026,Susceptible
10.597688922718618,0,37.38284428181975,Susceptible
91.20248491084445,0,28.051295343338754,Susceptible
74.82446175240028,0,47.523212378857515,Susceptible
36.40148623558542,0,82.49377730203423,Susceptible
97.54511478309449,0,37.697072422346835,Susceptible
81.54694561001588,0,32.115191406417985,Susceptible
2.397013484380428,0,6.860238611585279,Susceptible
4.136038603879621,0,48.61473593356765,Susceptible
10.490014419553795,0,42.55082193816979,Susceptible
2.4863117494093756,0,89.29192641095769,Susceptible
31.049759096333464,0,83.26051361639514,Susceptible
35.275450765655826,0,28.18165204236669,Susceptible
64.3787660375165,0,47.38036741817325,Susceptible
44.781950191547196,0,91.80474307136866,Susceptible
36.90434097083247,0,61.84349701230541,Susceptible
6.404354858652739,0,10.370632051218276,Susceptible
15.333604400224099,0,26.61394807814611,Susceptible
72.57882708603964,0,23.68357608216988,Susceptible
55.82645701251538,0,56.7283411595829,Susceptible
79.3205545070656,0,96.66184528572597,Susceptible
81.17676274426677,0,68.1052212644936,Susceptible
78.57489131160666,0,76.1816394923261,Susceptible
52.490970173879894,0,50.56681206830306,Susceptible
15.324341031879518,0,67.72017737187271,Susceptible
88.34888371609905,0,10.452152011690984,Susceptible
16.183167142275746,0,18.601778748754583,Susceptible
88.51065145577988,0,31.30420189773503,Susceptible
39.303271075561376,0,87.83179611564248,Susceptible
36.937086618523686,0,35.68018232953578,Susceptible
97.19316223735197,0,75.42926179586044,Susceptible
94.3207984019358,0,14.50572498108973,Susceptible
53.00446980737193,0,81.66782914619857,Susceptible
89.73772825431185,0,92.42021599527995,Susceptible
70.15024443501652,0,77.41869342516678,Susceptible
50.75106396368449,0,59.053135299973704,Susceptible
73.28689570577058,0,83.56266411240102,Susceptible
14.601667903838688,0,41.95725670225732,Susceptible
24.75131815592022,0,73.99129541174749,Susceptible
96.5606518833097,0,2.6849026306566715,Susceptible
88.15318006916908,0,80.7631439998342,Susceptible
97.39388469963444,0,46.23060252257304,Susceptible
70.02086495187567,0,90.22542235916943,Susceptible
77.28855886022609,0,59.65516982713419,Susceptible
72.35781690331142,0,79.62671621380643,Susceptible
62.75621468632032,0,5.946552138886263,Susceptible
5.9855306113686275,0,5.372764333086177,Susceptible
87.70303130577265,0,97.67871812456607,Susceptible
42.03498899984452,0,23.383879944903953,Susceptible
69.92957566771565,0,59.170692229977085,Susceptible
43.30798069866009,0,78.07350717279728,Susceptible
30.28703051713445,0,34.021865001272865,Susceptible
53.13560180836172,0,87.40979463755865,Susceptible
74.65298162336052,0,68.04664635089573,Susceptible
90.80722942174003,0,50.88255725809554,Susceptible
5.894808909561733,0,96.61407509790754,Susceptible
2.128532412897921,0,50.51236560890353,Susceptible
63.23369557148916,0,46.71151120197311,Susceptible
25.750095452996646,0,79.05478274504246,Susceptible
9.216676538966118,0,45.03845733027335,Susceptible
7.0306104009769665,0,43.692263224094475,Susceptible
75.62127187620385,0,14.112882052891685,Susceptible
87.29943211063754,0,10.126060466805454,Susceptible
84.06269696464777,0,62.6372322124605,Susceptible
58.56942150787784,0,93.20064465783179,Susceptible
41.24741293753462,0,43.62916543988352,Susceptible
69.51715022173342,0,77.64570321942497,Susceptible
82.38344007237598,0,16.991356509157818,Susceptible
39.47782492807909,0,73.44200446986292,Susceptible
10.894509533790341,0,56.51473032100497,Susceptible
29.89628392160779,0,6.516975328515551,Susceptible
78.42921014476605,0,11.20504299888767,Susceptible
69.38775006410913,0,99.07519988357363,Susceptible
79.30583715768378,0,46.059145568219826,Susceptible
89.83152234091799,0,55.4820909879363,Susceptible
49.632622976294435,0,47.669243587028554,Susceptible
60.64810330925327,0,42.41181996468198,Susceptible
85.28111668478732,0,70.91439367353509,Susceptible
64.7690012155687,0,36.74335458814717,Susceptible
48.49739855335945,0,37.47976964787073,Susceptible
59.94526998706326,0,12.948728088949956,Susceptible
5.764873668452852,0,97.72135848781815,Susceptible
24.136089253691317,0,26.821983430361396,Susceptible
30.39080687809781,0,72.45529839589115,Susceptible
39.430036301666085,0,29.175645203842716,Susceptible
99.26100770733382,0,48.20500058556784,Susceptible
4.438832628940526,0,98.4071000140055,Susceptible
51.29425877689564,0,92.39308934955164,Susceptible
15.186299676341154,0,29.862276811254873,Susceptible
74.02192001264191,0,31.702292885824633,Susceptible
83.28356697210218,0,99.33206657959309,Susceptible
58.563286521591984,0,6.296678226113417,Susceptible
99.9818233852375,0,78.56927957699435,Susceptible
16.03839727399966,0,28.76848215847394,Susceptible
26.42640623732866,0,63.72432313995103,Susceptible
31.412166939607,0,70.68079834022964,Susceptible
84.18210076571707,0,11.337471906860086,Susceptible
91.15249880342003,0,33.09153273500189,Susceptible
2.54767362595405,0,59.01966955658917,Susceptible
61.682764732319484,0,93.7756847092892,Susceptible
27.469732450538565,0,67.11638756931603,Susceptible
77.92349953058482,0,47.31668355031374,Susceptible
67.64704751283787,0,30.802112572790797,Susceptible
68.67822512568516,0,75.65843723045211,Susceptible
2.798918602506728,0,20.173004464265965,Susceptible
38.851811361618225,0,78.35476203846123,Susceptible
42.74981188435034,0,74.63758272002597,Susceptible
36.41797141815193,0,42.33065375893138,Susceptible
82.71549544399885,0,92.99702982268607,Susceptible
73.35483955311706,0,62.295321715532296,Susceptible
30.727453258507587,0,11.893008356444124,Susceptible
73.29239331750846,0,74.49767845362763,Susceptible
66.41367220190229,0,25.29199317826215,Susceptible
16.049492501405705,0,37.22561628514703,Susceptible
29.756415449216288,0,67.12479280027172,Susceptible
66.6227053157199,0,68.46877919281026,Susceptible
23.36129221872999,0,74.29161104707485,Susceptible
0.6237221713148888,0,0.511084232475123,Susceptible
66.69197303420371,0,78.18340180474947,Susceptible
94.37979713768102,0,46.51110134521108,Susceptible
32.717449892455605,0,20.957439172832803,Susceptible
19.26315849950334,0,19.68498440286872,Susceptible
80.50663789981061,0,52.414723054453326,Susceptible
17.241006400562576,0,4.627808833901148,Susceptible
58.170102532364886,0,95.95318271575555,Susceptible
96.493081841517,0,77.7950763159019,Susceptible
28.06812028811446,0,18.56041279528138,Susceptible
18.952164269100557,0,90.82974592471771,Susceptible
1.5493545891318017,0,70.96874119034432,Susceptible
12.53815914349733,0,71.9900614808635,Susceptible
1.2936842260832582,0,85.93660749649784,Susceptible
5.3933392379477585,0,7.113847163665509,Susceptible
89.60936393256993,0,34.94253824544158,Susceptible
39.526236728087675,0,6.06844374200568,Susceptible
2.3285755971548805,0,27.169244371034594,Susceptible
64.3856704038023,0,7.078575063823889,Susceptible
20.273650601826343,0,88.99885431318472,Susceptible
65.0766658460051,0,79.71611441771793,Susceptible
41.92668540932388,0,0.281966682906476,Susceptible
7.642833584280706,0,35.22463653548024,Susceptible
11.527191065579768,0,88.18680324090792,Susceptible
69.42001694360897,0,54.231289508438316,Susceptible
42.274990825986066,0,0.6921123159242648,Susceptible
74.24773050115097,0,9.570371248054377,Susceptible
58.357161369705025,0,47.063606970446244,Susceptible
68.72122214093935,0,46.70356216749985,Susceptible
30.3739626385093,0,36.684684198859465,Susceptible
87.51922887356905,0,74.41860657006015,Susceptible
14.036509902791572,0,33.94585629132805,Susceptible
1.185281252517978,0,96.67421360061128,Susceptible
90.33062837130747,0,31.083445159923972,Susceptible
70.77712242344715,0,31.70363104841607,Susceptible
42.35449357092564,0,23.057577235311776,Susceptible
8.036691842521948,0,70.25761807601589,Susceptible
12.684176448321804,0,18.912574487990163,Susceptible
1.3450203645525294,0,86.17025221383088,Susceptible
72.92514698768213,0,6.699427652320478,Susceptible
3.08156216517409,0,65.33358633230351,Susceptible
77.26984414733396,0,40.07504078628615,Susceptible
57.87194973938411,0,11.632313208619072,Susceptible
91.22907671638248,0,86.4641410114437,Susceptible
30.336698998996802,0,57.647509041101664,Susceptible
15.907601894171497,0,19.170009445676904,Susceptible
13.817558021256948,0,76.25422168658062,Susceptible
36.93030782812164,0,31.26704715012101,Susceptible
31.97414807773349,0,9.517877909653416,Susceptible
8.717422223563798,0,16.681015547587474,Susceptible
21.664049300795973,0,30.90994624661064,Susceptible
52.064375710942535,0,48.31909680644904,Susceptible
19.92639884259072,0,33.77385023623374,Susceptible
54.47404221382581,0,86.34339254597506,Susceptible
45.91448057348774,0,25.331542376401718,Susceptible
79.87909318336987,0,40.800883873370175,Susceptible
34.963747140222104,0,90.30426714396309,Susceptible
22.708315363349996,0,55.076922297688824,Susceptible
7.029416277192036,0,44.22906547352684,Susceptible
18.065860575687697,0,94.77906338455497,Susceptible
94.60643460541989,0,53.3680637885089,Susceptible
68.56401343820829,0,3.645801616283284,Susceptible
40.31374617695942,0,92.87445606498244,Susceptible
21.661748395821512,0,80.9041130044926,Susceptible
18.705056995689105,0,86.04183338732243,Susceptible
85.18239491057354,0,30.213735208785796,Susceptible
24.62547959982625,0,33.542567051985415,Susceptible
13.103676767032791,0,23.528084406116434,Susceptible
1.767819801187287,0,69.36902892416992,Susceptible
46.64290341118986,0,9.854900278238121,Susceptible
13.633952516002479,0,27.398644041042452,Susceptible
69.4796327540578,0,35.99587976759637,Susceptible
32.159472263706135,0,10.53330042500038,Susceptible
11.508932637805259,0,89.58990492167132,Susceptible
48.94462961900017,0,23.33591223688427,Susceptible
13.843001137869681,0,80.47589971196994,Susceptible
17.78577950365774,0,84.60824919626522,Susceptible
19.144625862808873,0,19.538963120221897,Susceptible
80.16258353707478,0,97.27992276767321,Susceptible
27.697654593643538,0,43.53732697359597,Susceptible
66.01198434018374,0,14.304480029015053,Susceptible
99.76491207012754,0,68.69319447497173,Susceptible
35.6314186099123,0,78.4333567114938,Susceptible
35.73904550770438,0,79.00771952368586,Susceptible
60.79099560505236,0,5.798284255636965,Susceptible
79.75023263722882,0,1.723639642406971,Susceptible
64.00188055332076,0,97.28766012296818,Susceptible
4.832165564962986,0,16.492815619396694,Susceptible
21.700033391435724,0,63.296868490769185,Susceptible
43.29611464131439,0,78.72028957646576,Susceptible
46.598528610342996,0,61.72631021649596,Susceptible
85.0992573121122,0,5.832109151529208,Susceptible
28.894619524493002,0,25.340232761382055,Susceptible
27.60865210723913,0,79.82768168538469,Susceptible
54.53901617432271,0,98.29363689693861,Susceptible
23.49967381476481,0,39.16516804038468,Susceptible
89.49514912723563,0,84.16187734364071,Susceptible
30.10794535118221,0,74.16094615048324,Susceptible
87.27006535850371,0,37.4812087252091,Susceptible
73.90419546589607,0,26.01440305959918,Susceptible
81.56346388487552,0,79.28464660521445,Susceptible
93.06573691529768,0,79.95749297874188,Susceptible
40.738116415509786,0,37.16242404335064,Susceptible
80.1560272364164,0,60.95904454632339,Susceptible
98.79689024195959,0,80.92743540640758,Susceptible
29.695576141722825,0,40.9030567415791,Susceptible
8.3745308807885,0,6.323816776106527,Susceptible
4.09767158750729,0,66.43717972682872,Susceptible
57.27420936654286,0,19.853163956176502,Susceptible
66.41403179889022,0,59.8759649432678,Susceptible
60.808529576216245,0,49.99658661118508,Susceptible
67.23692816546767,0,84.62792646857088,Susceptible
2.5152627237537972,0,60.11681521911321,Susceptible
8.213120796757323,0,66.50443063193184,Susceptible
94.60455325040293,0,37.93746151312032,Susceptible
1.9327240114107025,0,91.42026584866747,Susceptible
93.09188451290662,0,96.35827834237163,Susceptible
82.23100915962743,0,79.096190168862,Susceptible
8.777218574922163,0,9.44679156710233,Susceptible
18.25671822910644,0,19.747720774636978,Susceptible
65.67204397224322,0,5.079091492793064,Susceptible
61.73165759398519,0,74.64646477765852,Susceptible
76.51738486909461,0,65.60826878524168,Susceptible
69.59875432601422,0,90.80211805939804,Susceptible
62.65485033838972,0,49.62937500930593,Susceptible
31.511160121368466,0,53.05477299134394,Susceptible
71.55316917187888,0,3.1454778079881174,Susceptible
97.54676350952067,0,94.59087221039924,Susceptible
2.487048676605741,0,19.144476013321267,Susceptible
11.089669863101992,0,86.91614874911309,Susceptible
40.81906621226021,0,20.16888820924283,Susceptible
50.641824447367256,0,6.766849899756111,Susceptible
69.92682065048315,0,46.70823156982563,Susceptible
33.924746597080244,0,61.761317529767155,Susceptible
2.581759634504699,0,56.28906137764095,Susceptible
46.51510419005804,0,40.01166630354949,Susceptible
82.84659607501314,0,13.057308073640595,Susceptible
15.256667521596201,0,3.7745166431186417,Susceptible
93.23591496899469,0,52.639416382202256,Susceptible
43.74013708144216,0,83.45345858849922,Susceptible
47.9884931087896,0,8.983023850627802,Susceptible
74.81779006092853,0,59.07675436356302,Susceptible
56.84125285878899,0,40.39461484081559,Susceptible
36.29339678809037,0,74.51448236560095,Susceptible
41.57229068862362,0,76.8217396019808,Susceptible
85.69648039163258,0,90.09072288071323,Susceptible
20.478902859129246,0,31.264404414070025,Susceptible
49.82686727246388,0,10.110575512453346,Susceptible
67.11557857765163,0,27.831973826190605,Susceptible
81.88899678423992,0,18.857383370441738,Susceptible
13.90480913232337,0,42.10669820932975,Susceptible
57.58421852438745,0,92.58063007165067,Susceptible
16.041253439587834,0,80.20821770447516,Susceptible
15.034240635341023,0,30.16515795963275,Susceptible
40.317034721934284,0,60.41937046479357,Susceptible
91.39815793276368,0,12.356028103184524,Susceptible
42.00740624144258,0,93.78407144730723,Susceptible
29.32773855069226,0,25.10398109487535,Susceptible
61.37310281744427,0,8.458504698535052,Susceptible
25.01546888491053,0,1.2341061698146416,Susceptible
95.88116450115905,0,4.179907378801273,Susceptible
96.2326834390957,0,21.810561723403833,Susceptible
2.4077006167686266,0,45.90473149301408,Susceptible
95.11356569484406,0,29.407023516520493,Susceptible
33.38236387431994,0,6.6650588903272245,Susceptible
43.84970028157167,0,67.14579699616424,Susceptible
61.59828246941264,0,70.97683371633205,Susceptible
66.16982979743169,0,53.64889672304955,Susceptible
7.1961386027003975,0,3.616193772643439,Susceptible
71.45791262844212,0,43.5306016312398,Susceptible
14.803192678637378,0,60.45681477400687,Susceptible
1.3774981629161909,0,42.67014549008742,Susceptible
72.62641805985085,0,0.5959280664816657,Susceptible
31.11903744568163,0,93.91927671379194,Susceptible
88.96309334432773,0,72.6256894740669,Susceptible
63.30489663434913,0,43.820680758940675,Susceptible
25.187840907515046,0,80.1798435806734,Susceptible
97.37285192388244,0,96.21047490928433,Susceptible
65.01384694807754,0,9.754032114943223,Susceptible
32.91339285941087,0,66.63748273065764,Susceptible
76.00243895662477,0,63.4382733609902,Susceptible
3.3056684967429084,0,24.8560128627209,Susceptible
83.55050554953968,0,38.07096825913502,Susceptible
7.824013388017715,0,1.036606809354712,Susceptible
79.12978834843402,0,5.392326449530516,Susceptible
10.491763922556407,0,25.13480008442973,Susceptible
93.35495567201608,0,61.16018653865937,Susceptible
69.08519126195178,0,31.147924694010023,Susceptible
11.144285946801102,0,90.29566684974975,Susceptible
35.65140150552971,0,1.2884068252925762,Susceptible
50.01313868037711,0,1.1888495961369205,Susceptible
43.750117946302545,0,96.43227436631872,Susceptible
22.335722997239994,0,38.284656718986795,Susceptible
68.56448784978883,0,78.82845319901499,Susceptible
88.27500667040866,0,51.22501790031706,Susceptible
73.58808610968323,0,87.07123398937463,Susceptible
61.446612416268145,0,83.05577225689913,Susceptible
40.51961254585421,0,86.65978076495468,Susceptible
24.31365714752669,0,73.38161215972507,Susceptible
42.07836929235788,0,87.73021878251616,Susceptible
73.92443352102696,0,69.201554130306,Susceptible
81.85993051694751,0,64.36629807038435,Susceptible
58.0909978432362,0,87.49385876064925,Susceptible
38.619417160037905,0,63.029950508282795,Susceptible
0.5962408218347703,0,70.17837533345747,Susceptible
56.61909818970996,0,37.38787598546871,Susceptible
24.651978362162673,0,97.3695352248939,Susceptible
61.25600178140341,0,18.82309038382024,Susceptible
9.431118751439517,0,4.631461242897839,Susceptible
27.050113102656137,0,34.44697634351643,Susceptible
26.04159241202295,0,77.95533580937575,Susceptible
66.52934465905393,0,75.29143254112569,Susceptible
10.55548026682358,0,47.35199937316806,Susceptible
88.5507197782385,0,9.167024930154689,Susceptible
16.06382448322259,0,86.01854337338938,Susceptible
48.14837962902925,0,94.52291465842269,Susceptible
96.00301842610754,0,47.278141933159255,Susceptible
24.19813431956166,0,5.87234466761063,Susceptible
95.5832235367869,0,24.557077146219342,Susceptible
97.59178829193388,0,30.75408244190231,Susceptible
79.30901010200071,0,38.75803203890599,Susceptible
20.78263482610918,0,42.22782221852022,Susceptible
24.018381158640523,0,35.99333973243174,Susceptible
56.20358316781934,0,82.21762881053253,Susceptible
83.28079743820311,0,21.247210855488706,Susceptible
94.18932076017114,0,61.89735352823712,Susceptible
16.670517763024286,0,17.671289231592947,Susceptible
63.59069475210206,0,36.82662000545716,Susceptible
17.741381209467523,0,28.429417987006765,Susceptible
48.37443719038524,0,28.253423277324284,Susceptible
3.6777239965575137,0,59.35126929782722,Susceptible
11.130633026931513,0,76.93607502457328,Susceptible
87.98731703268835,0,61.875711322825886,Susceptible
56.921733819253916,0,37.603734671794,Susceptible
31.60072341794552,0,77.70709633452925,Susceptible
84.67763130782575,0,6.555915097309606,Susceptible
99.44739993484087,0,56.84183034187309,Susceptible
45.92519762484265,0,30.425868049522087,Susceptible
33.40746856100242,0,30.77440050946968,Susceptible
65.44809059824259,0,43.20504312228057,Susceptible
86.89135532729783,0,14.224442633158185,Susceptible
29.1461656577912,0,78.24253018241536,Susceptible
65.93260666960087,0,32.24711202605279,Susceptible
26.71805928465676,0,81.57850970405495,Susceptible
47.9456414824383,0,49.960552457822,Susceptible
65.4245572515145,0,25.932663777258437,Susceptible
80.89013460352899,0,65.75989998012855,Susceptible
71.03384819903847,0,48.110243027672915,Susceptible
42.92232069682158,0,54.36541352257589,Susceptible
40.600728058931445,0,92.65670029249998,Susceptible
97.04971365736549,0,2.944245089980202,Susceptible
1.4235148585278523,0,59.24931861186954,Susceptible
17.92820266703955,0,58.779558463972535,Susceptible
74.68526024397974,0,4.023495003358068,Susceptible
45.57919949264143,0,7.314047097853993,Susceptible
29.618319316387687,0,61.44510880707185,Susceptible
94.75957648270499,0,85.16176174927473,Susceptible
63.32254139642565,0,23.787743527741313,Susceptible
84.08869889928407,0,73.06926280359673,Susceptible
32.08011846919072,0,29.446794741701897,Susceptible
10.890435190399284,0,7.410906512167759,Susceptible
45.01700264914656,0,13.707060050665232,Susceptible
6.024217056983716,0,97.15447437994395,Susceptible
64.26038957547377,0,74.61136245793053,Susceptible
56.738569040617946,0,5.01050174843315,Susceptible
86.79226694883806,0,40.78525433028148,Susceptible
46.17506987605323,0,24.603160642746722,Susceptible
28.0302131223235,0,61.69667301600784,Susceptible
39.06467288252361,0,69.7863501961215,Susceptible
14.96372600487076,0,65.97805198379932,Susceptible
15.21253120625593,0,30.73613921361599,Susceptible
46.60356506277864,0,97.0071074222734,Susceptible
45.67587768304578,0,56.36068220555863,Susceptible
66.10381672043988,0,86.78448312902964,Susceptible
33.787475110936704,0,54.01234538393511,Susceptible
47.46193864106114,0,79.48565988508376,Susceptible
94.58287881076966,0,77.73501801060956,Susceptible
33.44706762196796,0,85.79967286861499,Susceptible
79.19235893738725,0,31.146442513724214,Susceptible
14.57745125086386,0,89.25971358340901,Susceptible
17.81117445940026,0,70.66680714235628,Susceptible
37.61949387071568,0,55.05819257641704,Susceptible
17.410004581266815,0,63.26607572130112,Susceptible
36.51605573356983,0,27.783975477631895,Susceptible
84.35155077410987,0,96.16231804662408,Susceptible
7.427084734357492,0,81.75601559393867,Susceptible
30.24732012488981,0,36.64838031415043,Susceptible
49.031750896875224,0,32.430981791853874,Susceptible
5.220530446566885,0,82.90961109830907,Susceptible
83.16449520071434,0,30.058805286450617,Susceptible
16.192603504683035,0,14.897617971361354,Susceptible
33.187331439066746,0,84.38116458752415,Susceptible
67.86815934951035,0,92.07895029452249,Susceptible
67.03231505767143,0,96.4702277255822,Susceptible
60.82385407870935,0,13.875233651144004,Susceptible
67.4950392566112,0,45.44548836474187,Susceptible
84.89098939853602,0,62.876518446468,Susceptible
41.28409240778077,0,34.48675552336545,Susceptible
43.58953769771847,0,37.17688502365333,Susceptible
50.13447477473624,0,1.5390804039721262,Susceptible
40.38711678161183,0,96.50367941009486,Susceptible
45.64248866522603,0,59.75388796210602,Susceptible
99.12922603562289,0,54.57922954120084,Susceptible
56.17958701716241,0,70.12417497977171,Susceptible
66.54319037352192,0,48.376163728961195,Susceptible
21.504188844815086,0,43.07446712269898,Susceptible
78.72830783546145,0,64.20967955963701,Susceptible
36.20797821690548,0,72.07430865582427,Susceptible
49.20159098010917,0,34.294735087552674,Susceptible
26.317262935016817,0,54.16798240727573,Susceptible
70.53026055345086,0,63.515535680946535,Susceptible
94.01768354736329,0,95.60734168032087,Susceptible
88.90898861796174,0,21.07642916113246,Susceptible
54.72429560998703,0,40.62524589699176,Susceptible
74.93625592239627,0,15.339944308140508,Susceptible
58.938330366740445,0,80.97794121089873,Susceptible
65.57544731525007,0,79.41996358799817,Susceptible
50.52153139522346,0,94.25846372185771,Susceptible
85.71567067683813,0,69.38485563114493,Susceptible
77.27165660953102,0,66.84478690562803,Susceptible
86.68500501721866,0,59.62875664275319,Susceptible
7.6480303587845295,0,80.4605123854503,Susceptible
32.757049804923696,0,66.61449486095113,Susceptible
58.096515442413995,0,75.8527760196257,Susceptible
87.2375694605409,0,39.892392413438046,Susceptible
50.654920668827266,0,62.36860275657773,Susceptible
9.75706870083145,0,52.013591768425115,Susceptible
81.33062324259434,0,1.5296368683335837,Susceptible
86.42484861403776,0,62.75819627973268,Susceptible
35.357538491780424,0,63.61179492743305,Susceptible
31.63533141217787,0,59.75283650191925,Susceptible
41.00065906102843,0,80.59712794216382,Susceptible
32.384930973652295,0,73.85436231277612,Susceptible
28.091927357107803,0,22.560316396955706,Susceptible
8.427225967263963,0,53.60772815806132,Susceptible
70.31537230481206,0,41.72095972713572,Susceptible
57.59720903828776,0,56.452322128195995,Susceptible
93.79671836036445,0,15.131532593977193,Susceptible
63.64878661119528,0,88.59087272815052,Susceptible
96.19880250705012,0,67.05832494337875,Susceptible
40.45172635832387,0,73.00687444061187,Susceptible
1.4484214197716394,0,64.27350418768258,Susceptible
33.59262405669625,0,7.763596336072299,Susceptible
94.4517378778987,0,40.48459745834503,Susceptible
35.63912860901899,0,53.14043526763918,Susceptible
74.61700414521378,0,25.94590746557198,Susceptible
94.81512480995127,0,81.08238237211934,Susceptible
6.198471231704527,0,16.97603552306568,Susceptible
44.96294957193149,0,20.39741236082331,Susceptible
55.58153654192803,0,30.733456297302364,Susceptible
59.24021836953207,0,12.43127498397718,Susceptible
65.86769356287836,0,28.66568721633984,Susceptible
12.322672160920733,0,83.62024507233143,Susceptible
72.55716387032594,0,82.2472626608015,Susceptible
10.758378796416956,0,88.81574234974094,Exposed
40.296724426387385,0,29.084734763858023,Exposed
78.9580001095425,0,77.02981030044243,Exposed
29.235807994410166,0,78.37265829189765,Exposed
59.3308263319088,0,39.73771543197741,Exposed
47.20744872147813,0,33.18439444780933,Exposed
54.0712727126173,0,21.495463544243766,Exposed
19.499464762523434,0,81.65875169290992,Exposed
21.454818143104916,0,51.17390778786478,Exposed
92.45798173991126,0,16.91401908472352,Exposed
56.910212377071986,0,76.69622269193641,Exposed
30.002617074806693,0,87.6180549059979,Exposed and Quarantined
33.03288337499907,0,79.51018974016564,Exposed and Not Treated
86.69035626285554,0,29.04895514740501,Exposed and Not Treated
69.74633586768573,0,71.29094704131649,Exposed and Not Treated
30.362125272472607,0,37.43948131292846,Exposed and Not Treated
70.55890110823394,0,53.79160967187735,Exposed and Not Treated
49.451309578913936,0,86.31317306084586,Exposed and Not Treated
39.61761449083253,0,31.051304552798698,Exposed and Not Treated
19.629884492062978,0,29.508663786514777,Exposed and Not Treated
21.27579619878659,0,75.59019913829962,Exposed and Not Treated
80.57056435222637,0,80.34972850721253,Exposed and Not Treated
3.0928497954711642,0,63.857066828145335,Exposed and Not Treated
2.814117781154213,0,69.98694327736588,Exposed and Not Treated
15.128776484971473,0,48.83322148574726,Exposed and Not Treated
51.38876645765307,0,3.757289309041534,Exposed and Not Treated
64.11745302779367,0,39.93097035025258,Exposed and Not Treated
48.924973245445216,0,8.526473636420274,Exposed and Not Treated
61.01427620466988,0,2.2495338036212953,Exposed and Not Treated
26.926745806023444,0,32.77380049979893,Exposed and Not Treated
10.640535762206193,0,14.305458758903155,Exposed and Not Treated
40.65537988442591,0,46.3177385890454,Exposed and Not Treated
63.795983750817456,0,75.4426810283272,Exposed and Not Treated
92.7123489367429,0,97.56508378851542,Exposed and Not Treated
82.80762870061284,0,14.752487133959512,Exposed and Not Treated
69.68903358113569,0,8.522978684461169,Exposed and Not Treated
31.368001683068925,0,36.809913710016204,Exposed and Not Treated
14.966164156423922,0,57.82587454034792,Exposed and Not Treated
8.06842000950544,0,88.80700825928692,Exposed and Not Treated
48.825500125752384,0,34.74677761062814,Exposed and Not Treated
38.75280862259531,0,90.95198108680424,Exposed and Not Treated
76.18822419961434,0,25.781470172006628,Exposed and Not Treated
28.694753616983892,0,77.00822995064033,Exposed and Not Treated
50.42100010260848,0,46.78190962254378,Exposed and Not Treated
80.22051262423092,0,84.67948089297671,Exposed and Not Treated
20.77282599650716,0,9.086056985361646,Exposed and Not Treated
57.48299266149339,0,33.600153757171,Exposed and Not Treated
67.53942932277238,0,82.48748185340833,Exposed and Not Treated
87.4365917814905,0,80.08541906958946,Exposed and Not Treated
98.62582333763694,0,24.844973607761965,Exposed and Not Treated
54.689826404743,0,20.347799131386203,Exposed and Not Treated
63.05268062087755,0,90.68866187501008,Exposed and Not Treated
89.47654975618167,0,53.0556954296311,Exposed and Not Treated
72.17986036121357,0,98.22346622933873,Exposed and Not Treated
75.65863873412582,0,84.5151262851467,Exposed and Not Treated
90.86553547285348,0,73.95536286758356,Exposed and Not Treated
98.10781219355835,0,96.08516383187948,Exposed and Not Treated
85.7530243944753,0,76.54508682982315,Exposed and Not Treated
28.994799966168515,0,23.577957597088083,Exposed and Not Treated
21.142732909739724,0,72.5308176047836,Exposed and Not Treated
15.942777037413258,0,81.42346595794106,Exposed and Not Treated
7.009423339843702,0,49.673314389861545,Exposed and Not Treated
47.07263721831654,0,20.33973578042407,Exposed and Not Treated
92.05382144563073,0,39.16758652813548,Exposed and Not Treated
50.17834504533799,0,10.107865036649844,Exposed and Not Treated
1.00552259832557,0,25.2014629636531,Exposed and Not Treated
85.42734086744466,0,5.164333097952012,Exposed and Not Treated
41.422815834931605,0,24.916546394364193,Exposed and Not Treated
70.5692183656853,0,94.0228976657119,Exposed and Not Treated
87.4727662867711,0,2.6228960782399335,Exposed and Not Treated
57.998964372323016,0,85.508594481405,Exposed and Not Treated
77.1268490947711,0,36.15200558847908,Exposed and Not Treated
0.04299982143112224,0,83.62494221440092,Exposed and Not Treated
37.40091608230792,0,56.11217336545921,Exposed and Not Treated
92.98399445761562,0,9.862086371064493,Exposed and Not Treated
77.53594925625751,0,8.272866958119607,Exposed and Not Treated
37.934326644956215,0,31.788582624395733,Exposed and Not Treated
50.67932023679826,0,15.063248178323052,Exposed and Not Treated
84.79168121885992,0,3.5188256268685603,Exposed and Not Treated
75.15141821181402,0,2.9362137936161714,Exposed and Not Treated
88.9671687834741,0,53.15494699151606,Exposed and Not Treated
83.81919574522094,0,81.1091954766148,Exposed and Not Treated
80.64669533638173,0,98.88140279815829,Exposed and Not Treated
79.5645069448138,0,2.276837439975221,Exposed and Not Treated
34.583349127050965,0,0.2693255238648051,Exposed and Not Treated
63.33163837878498,0,86.3064844498572,Exposed and Not Treated
60.09022166038315,0,27.611110540269134,Exposed and Not Treated
35.3801312779466,0,63.549141764269535,Exposed and Not Treated
30.63151671100811,0,99.00281722899052,Exposed and Not Treated
66.95470090545517,0,10.493408769712097,Exposed and Not Treated
54.71157610414785,0,32.600860317414025,Exposed and Not Treated
98.97100017612107,0,58.98806633744452,Exposed and Not Treated
66.36597312608968,0,25.007512739142335,Exposed and Not Treated
98.53826352514864,0,94.40871172980002,Exposed and Not Treated
90.62063522711615,0,44.02429669378625,Exposed and Not Treated
83.87856839260141,0,86.40411166927778,Exposed and Not Treated
56.48500611450735,0,85.63996141714316,Exposed and Not Treated
50.63900417405159,0,16.959216592016237,Exposed and Not Treated
0.8453922733464125,0,1.9254662119061239,Exposed and Not Treated
48.53464898393014,0,54.44124897068343,Exposed and Not Treated
12.137640563599938,0,18.43869777140503,Exposed and Not Treated
32.8124404113676,0,39.4917197048397,Exposed and Not Treated
77.55819873809442,0,95.54773883857725,Exposed and Not Treated
88.14251346011037,0,86.3873951744204,Exposed and Not Treated
42.356285502827504,0,89.4644911790791,Exposed and Not Treated
23.917677501205326,0,70.14831614051714,Exposed and Not Treated
85.90055315271424,0,59.99131205640572,Exposed and Not Treated
72.7624566069374,0,97.543040526346,Exposed and Not Treated
89.1803417929925,0,91.18122461780372,Exposed and Not Treated
27.98319004334796,0,83.89498367410332,Exposed and Not Treated
61.25684630341412,0,16.067911283601454,Exposed and Not Treated
19.301371755221297,0,53.1980011515623,Exposed and Not Treated
52.94075605260562,0,18.299812895181688,Exposed and Not Treated
36.66543894944444,0,43.002332631286954,Exposed and Not Treated
57.99342036677325,0,43.38464417472976,Exposed and Not Treated
59.286369655718154,0,44.76596576234992,Exposed and Not Treated
80.54322442977502,0,41.872944794173485,Exposed and Not Treated
72.80806832071517,0,91.48452751276115,Exposed and Not Treated
83.05137441046352,0,92.57834157320562,Exposed and Not Treated
13.052040812781417,0,59.149624868247855,Exposed and Not Treated
19.278272709428723,0,88.95953087894668,Exposed and Not Treated
36.602357417492804,0,59.280905936011905,Exposed and Not Treated
47.567487814621,0,55.05421002755673,Exposed and Not Treated
66.75644689667223,0,43.141238035547666,Exposed and Not Treated
47.90071370596885,0,17.98303807544892,Exposed and Not Treated
55.65970060458848,0,19.691780156525006,Exposed and Not Treated
75.85674835439613,0,49.49726858683094,Exposed and Not Treated
99.34901297853985,0,51.38056376210402,Exposed and Not Treated
36.471757432944166,0,35.55954800700477,Exposed and Not Treated
51.04422762944733,0,25.51544582634049,Exposed and Not Treated
59.463029224195616,0,27.715767223832046,Exposed and Not Treated
44.22899424667504,0,38.00177024220375,Exposed and Not Treated
19.276060712632916,0,60.190638638019834,Exposed and Not Treated
19.980114798143557,0,16.404074039652382,Exposed and Not Treated
14.997594953335314,0,11.490589953783747,Exposed and Not Treated
65.35985871364686,0,54.68432090041513,Exposed and Not Treated
44.18746540891604,0,54.37851207133022,Exposed and Not Treated
68.01357603248509,0,26.62725633147075,Exposed and Not Treated
21.960252616405405,0,63.68747761542527,Infected humans
43.76849505104734,0,81.614352898688,Infected humans
34.54201107931173,0,81.6397046900447,Infected humans
52.16593604958628,0,59.29518862004439,Infected humans
1.743106959862084,0,66.22059007125523,Infected humans
55.87123026186299,0,6.235825219829449,Infected humans
47.76624780668002,0,74.76241179875515,Infected humans
74.30385482428436,0,7.3204719289622355,Infected humans
70.17651189920159,0,69.25118586996473,Infected humans
35.23775838987982,0,81.1075007890205,Infected humans
25.328768233734877,0,64.05439706646877,Infected humans
33.844546985157855,0,52.502950662697536,Infected humans
28.77019147366098,0,76.85127208194585,Infected humans
82.01358907575889,0,7.978734168530832,Infected humans
60.14826542980954,0,49.39297236042892,Infected humans
1.9586520663386842,0,25.088387061503646,Infected humans
59.758065243620806,0,60.378962126485334,Infected humans
27.491006008608444,0,45.49811439875361,Isolated Humans
66.66231674003288,0,6.369462941391424,Isolated Humans
31.139817961705596,0,12.469221790747465,Isolated Humans
93.61979472576532,0,43.642657089528626,Death Humans
4.733397042419019,0,11.4288798640094,Death Humans
79.39896872389302,0,28.92419494054095,Death Humans
19.94234108439362,0,59.110433168151644,Death Humans
60.09696375520633,0,29.320504791198587,Death Humans
