Time,Category,Value,Category_num
0,Sh,0.0,0
1,Sh,0.0577,0
2,Sh,0.0992,0
3,Sh,0.1337,0
4,Sh,0.1651,0
5,Sh,0.195,0
6,Sh,0.2238,0
7,Sh,0.2515,0
8,Sh,0.2781,0
9,Sh,0.3034,0
10,Sh,0.3274,0
11,Sh,0.3501,0
12,Sh,0.3715,0
13,Sh,0.3917,0
14,Sh,0.4108,0
15,Sh,0.4288,0
16,Sh,0.4457,0
17,Sh,0.4616,0
18,Sh,0.4767,0
19,Sh,0.4909,0
20,Sh,0.5043,0
21,Sh,0.5169,0
22,Sh,0.5289,0
23,Sh,0.5402,0
24,Sh,0.5508,0
25,Sh,0.5609,0
26,Sh,0.5705,0
27,Sh,0.5795,0
28,Sh,0.5881,0
29,Sh,0.5962,0
30,Sh,0.6039,0
31,Sh,0.6111,0
32,Sh,0.618,0
33,Sh,0.6245,0
34,Sh,0.6307,0
35,Sh,0.6366,0
36,Sh,0.6421,0
37,Sh,0.6474,0
38,Sh,0.6524,0
39,Sh,0.6572,0
40,Sh,0.6617,0
41,Sh,0.666,0
42,Sh,0.67,0
43,Sh,0.6739,0
44,Sh,0.6776,0
45,Sh,0.6811,0
46,Sh,0.6844,0
47,Sh,0.6876,0
48,Sh,0.6906,0
49,Sh,0.6934,0
50,Sh,0.6961,0
51,Sh,0.6987,0
52,Sh,0.7012,0
53,Sh,0.7036,0
54,Sh,0.7058,0
55,Sh,0.7079,0
56,Sh,0.71,0
57,Sh,0.7119,0
58,Sh,0.7138,0
59,Sh,0.7155,0
60,Sh,0.7172,0
61,Sh,0.7188,0
62,Sh,0.7204,0
63,Sh,0.7219,0
64,Sh,0.7233,0
65,Sh,0.7246,0
66,Sh,0.7259,0
67,Sh,0.7271,0
68,Sh,0.7283,0
69,Sh,0.7295,0
70,Sh,0.7305,0
71,Sh,0.7316,0
72,Sh,0.7326,0
73,Sh,0.7335,0
74,Sh,0.7344,0
75,Sh,0.7353,0
76,Sh,0.7362,0
77,Sh,0.737,0
78,Sh,0.7378,0
79,Sh,0.7385,0
80,Sh,0.7392,0
81,Sh,0.7399,0
82,Sh,0.7406,0
83,Sh,0.7412,0
84,Sh,0.7418,0
85,Sh,0.7424,0
86,Sh,0.743,0
87,Sh,0.7436,0
88,Sh,0.7441,0
89,Sh,0.7446,0
90,Sh,0.7451,0
91,Sh,0.7456,0
92,Sh,0.746,0
93,Sh,0.7465,0
94,Sh,0.7469,0
95,Sh,0.7473,0
96,Sh,0.7477,0
97,Sh,0.7481,0
98,Sh,0.7485,0
99,Sh,0.7488,0
100,Sh,0.7492,0
101,Sh,0.7495,0
102,Sh,0.7499,0
103,Sh,0.7502,0
104,Sh,0.7505,0
105,Sh,0.7508,0
106,Sh,0.7511,0
107,Sh,0.7514,0
108,Sh,0.7516,0
109,Sh,0.7519,0
110,Sh,0.7522,0
111,Sh,0.7524,0
112,Sh,0.7526,0
113,Sh,0.7529,0
114,Sh,0.7531,0
115,Sh,0.7533,0
116,Sh,0.7535,0
117,Sh,0.7538,0
118,Sh,0.754,0
119,Sh,0.7542,0
120,Sh,0.7543,0
121,Sh,0.7545,0
122,Sh,0.7547,0
123,Sh,0.7549,0
124,Sh,0.7551,0
125,Sh,0.7552,0
126,Sh,0.7554,0
127,Sh,0.7555,0
128,Sh,0.7557,0
129,Sh,0.7559,0
130,Sh,0.756,0
131,Sh,0.7561,0
132,Sh,0.7563,0
133,Sh,0.7564,0
134,Sh,0.7565,0
135,Sh,0.7567,0
136,Sh,0.7568,0
137,Sh,0.7569,0
138,Sh,0.757,0
139,Sh,0.7572,0
140,Sh,0.7573,0
141,Sh,0.7574,0
142,Sh,0.7575,0
143,Sh,0.7576,0
144,Sh,0.7577,0
145,Sh,0.7578,0
146,Sh,0.7579,0
147,Sh,0.758,0
148,Sh,0.7581,0
149,Sh,0.7582,0
150,Sh,0.7583,0
151,Sh,0.7583,0
152,Sh,0.7584,0
153,Sh,0.7585,0
154,Sh,0.7586,0
155,Sh,0.7587,0
156,Sh,0.7587,0
157,Sh,0.7588,0
158,Sh,0.7589,0
159,Sh,0.759,0
160,Sh,0.759,0
161,Sh,0.7591,0
162,Sh,0.7592,0
163,Sh,0.7592,0
164,Sh,0.7593,0
165,Sh,0.7593,0
166,Sh,0.7594,0
167,Sh,0.7595,0
168,Sh,0.7595,0
169,Sh,0.7596,0
170,Sh,0.7596,0
171,Sh,0.7597,0
172,Sh,0.7597,0
173,Sh,0.7598,0
174,Sh,0.7598,0
175,Sh,0.7599,0
176,Sh,0.7599,0
177,Sh,0.76,0
178,Sh,0.76,0
179,Sh,0.7601,0
180,Sh,0.7601,0
181,Sh,0.7602,0
182,Sh,0.7602,0
183,Sh,0.7602,0
184,Sh,0.7603,0
185,Sh,0.7603,0
186,Sh,0.7604,0
187,Sh,0.7604,0
188,Sh,0.7604,0
189,Sh,0.7605,0
190,Sh,0.7605,0
191,Sh,0.7605,0
192,Sh,0.7606,0
193,Sh,0.7606,0
194,Sh,0.7606,0
195,Sh,0.7607,0
196,Sh,0.7607,0
197,Sh,0.7607,0
198,Sh,0.7607,0
199,Sh,0.7608,0
200,Sh,0.7608,0
201,Sh,0.7608,0
202,Sh,0.7609,0
203,Sh,0.7609,0
204,Sh,0.7609,0
205,Sh,0.7609,0
206,Sh,0.761,0
207,Sh,0.761,0
208,Sh,0.761,0
209,Sh,0.761,0
210,Sh,0.761,0
211,Sh,0.7611,0
212,Sh,0.7611,0
213,Sh,0.7611,0
214,Sh,0.7611,0
215,Sh,0.7611,0
216,Sh,0.7612,0
217,Sh,0.7612,0
218,Sh,0.7612,0
219,Sh,0.7612,0
220,Sh,0.7612,0
221,Sh,0.7613,0
222,Sh,0.7613,0
223,Sh,0.7613,0
224,Sh,0.7613,0
225,Sh,0.7613,0
226,Sh,0.7613,0
227,Sh,0.7613,0
228,Sh,0.7614,0
229,Sh,0.7614,0
230,Sh,0.7614,0
231,Sh,0.7614,0
232,Sh,0.7614,0
233,Sh,0.7614,0
234,Sh,0.7614,0
235,Sh,0.7615,0
236,Sh,0.7615,0
237,Sh,0.7615,0
238,Sh,0.7615,0
239,Sh,0.7615,0
240,Sh,0.7615,0
241,Sh,0.7615,0
242,Sh,0.7615,0
243,Sh,0.7615,0
244,Sh,0.7616,0
245,Sh,0.7616,0
246,Sh,0.7616,0
247,Sh,0.7616,0
248,Sh,0.7616,0
249,Sh,0.7616,0
250,Sh,0.7616,0
251,Sh,0.7616,0
252,Sh,0.7616,0
253,Sh,0.7616,0
254,Sh,0.7616,0
255,Sh,0.7617,0
256,Sh,0.7617,0
257,Sh,0.7617,0
258,Sh,0.7617,0
259,Sh,0.7617,0
260,Sh,0.7617,0
261,Sh,0.7617,0
262,Sh,0.7617,0
263,Sh,0.7617,0
264,Sh,0.7617,0
265,Sh,0.7617,0
266,Sh,0.7617,0
267,Sh,0.7617,0
268,Sh,0.7617,0
269,Sh,0.7618,0
270,Sh,0.7618,0
271,Sh,0.7618,0
272,Sh,0.7618,0
273,Sh,0.7618,0
274,Sh,0.7618,0
275,Sh,0.7618,0
276,Sh,0.7618,0
277,Sh,0.7618,0
278,Sh,0.7618,0
279,Sh,0.7618,0
280,Sh,0.7618,0
281,Sh,0.7618,0
282,Sh,0.7618,0
283,Sh,0.7618,0
284,Sh,0.7618,0
285,Sh,0.7618,0
286,Sh,0.7618,0
287,Sh,0.7618,0
288,Sh,0.7618,0
289,Sh,0.7618,0
290,Sh,0.7619,0
291,Sh,0.7619,0
292,Sh,0.7619,0
293,Sh,0.7619,0
294,Sh,0.7619,0
295,Sh,0.7619,0
296,Sh,0.7619,0
297,Sh,0.7619,0
298,Sh,0.7619,0
299,Sh,0.7619,0
300,Sh,0.7619,0
301,Sh,0.7619,0
302,Sh,0.7619,0
303,Sh,0.7619,0
304,Sh,0.7619,0
305,Sh,0.7619,0
306,Sh,0.7619,0
307,Sh,0.7619,0
308,Sh,0.7619,0
309,Sh,0.7619,0
310,Sh,0.7619,0
311,Sh,0.7619,0
312,Sh,0.7619,0
313,Sh,0.7619,0
314,Sh,0.7619,0
315,Sh,0.7619,0
316,Sh,0.7619,0
317,Sh,0.7619,0
318,Sh,0.7619,0
319,Sh,0.7619,0
320,Sh,0.7619,0
321,Sh,0.7619,0
322,Sh,0.7619,0
323,Sh,0.7619,0
324,Sh,0.7619,0
325,Sh,0.7619,0
326,Sh,0.7619,0
327,Sh,0.7619,0
328,Sh,0.7619,0
329,Sh,0.7619,0
330,Sh,0.7619,0
331,Sh,0.7619,0
332,Sh,0.7619,0
333,Sh,0.762,0
334,Sh,0.762,0
335,Sh,0.762,0
336,Sh,0.762,0
337,Sh,0.762,0
338,Sh,0.762,0
339,Sh,0.762,0
340,Sh,0.762,0
341,Sh,0.762,0
342,Sh,0.762,0
343,Sh,0.762,0
344,Sh,0.762,0
345,Sh,0.762,0
346,Sh,0.762,0
347,Sh,0.762,0
348,Sh,0.762,0
349,Sh,0.762,0
350,Sh,0.762,0
351,Sh,0.762,0
352,Sh,0.762,0
0,Eh,0.35,1
1,Eh,0.1866,1
2,Eh,0.1,1
3,Eh,0.0541,1
4,Eh,0.0298,1
5,Eh,0.0172,1
6,Eh,0.0106,1
7,Eh,0.0073,1
8,Eh,0.0057,1
9,Eh,0.0051,1
10,Eh,0.0049,1
11,Eh,0.005,1
12,Eh,0.0051,1
13,Eh,0.0054,1
14,Eh,0.0057,1
15,Eh,0.0059,1
16,Eh,0.0062,1
17,Eh,0.0064,1
18,Eh,0.0067,1
19,Eh,0.0069,1
20,Eh,0.0071,1
21,Eh,0.0073,1
22,Eh,0.0075,1
23,Eh,0.0077,1
24,Eh,0.0079,1
25,Eh,0.0081,1
26,Eh,0.0082,1
27,Eh,0.0084,1
28,Eh,0.0085,1
29,Eh,0.0086,1
30,Eh,0.0088,1
31,Eh,0.0089,1
32,Eh,0.009,1
33,Eh,0.0091,1
34,Eh,0.0092,1
35,Eh,0.0093,1
36,Eh,0.0094,1
37,Eh,0.0095,1
38,Eh,0.0095,1
39,Eh,0.0096,1
40,Eh,0.0097,1
41,Eh,0.0098,1
42,Eh,0.0098,1
43,Eh,0.0099,1
44,Eh,0.0099,1
45,Eh,0.01,1
46,Eh,0.0101,1
47,Eh,0.0101,1
48,Eh,0.0102,1
49,Eh,0.0102,1
50,Eh,0.0102,1
51,Eh,0.0103,1
52,Eh,0.0103,1
53,Eh,0.0104,1
54,Eh,0.0104,1
55,Eh,0.0104,1
56,Eh,0.0105,1
57,Eh,0.0105,1
58,Eh,0.0105,1
59,Eh,0.0106,1
60,Eh,0.0106,1
61,Eh,0.0106,1
62,Eh,0.0106,1
63,Eh,0.0107,1
64,Eh,0.0107,1
65,Eh,0.0107,1
66,Eh,0.0107,1
67,Eh,0.0107,1
68,Eh,0.0108,1
69,Eh,0.0108,1
70,Eh,0.0108,1
71,Eh,0.0108,1
72,Eh,0.0108,1
73,Eh,0.0108,1
74,Eh,0.0109,1
75,Eh,0.0109,1
76,Eh,0.0109,1
77,Eh,0.0109,1
78,Eh,0.0109,1
79,Eh,0.0109,1
80,Eh,0.0109,1
81,Eh,0.0109,1
82,Eh,0.011,1
83,Eh,0.011,1
84,Eh,0.011,1
85,Eh,0.011,1
86,Eh,0.011,1
87,Eh,0.011,1
88,Eh,0.011,1
89,Eh,0.011,1
90,Eh,0.011,1
91,Eh,0.011,1
92,Eh,0.011,1
93,Eh,0.011,1
94,Eh,0.0111,1
95,Eh,0.0111,1
96,Eh,0.0111,1
97,Eh,0.0111,1
98,Eh,0.0111,1
99,Eh,0.0111,1
100,Eh,0.0111,1
101,Eh,0.0111,1
102,Eh,0.0111,1
103,Eh,0.0111,1
104,Eh,0.0111,1
105,Eh,0.0111,1
106,Eh,0.0111,1
107,Eh,0.0111,1
108,Eh,0.0111,1
109,Eh,0.0111,1
110,Eh,0.0111,1
111,Eh,0.0111,1
112,Eh,0.0111,1
113,Eh,0.0111,1
114,Eh,0.0111,1
115,Eh,0.0112,1
116,Eh,0.0112,1
117,Eh,0.0112,1
118,Eh,0.0112,1
119,Eh,0.0112,1
120,Eh,0.0112,1
121,Eh,0.0112,1
122,Eh,0.0112,1
123,Eh,0.0112,1
124,Eh,0.0112,1
125,Eh,0.0112,1
126,Eh,0.0112,1
127,Eh,0.0112,1
128,Eh,0.0112,1
129,Eh,0.0112,1
130,Eh,0.0112,1
131,Eh,0.0112,1
132,Eh,0.0112,1
133,Eh,0.0112,1
134,Eh,0.0112,1
135,Eh,0.0112,1
136,Eh,0.0112,1
137,Eh,0.0112,1
138,Eh,0.0112,1
139,Eh,0.0112,1
140,Eh,0.0112,1
141,Eh,0.0112,1
142,Eh,0.0112,1
143,Eh,0.0112,1
144,Eh,0.0112,1
145,Eh,0.0112,1
146,Eh,0.0112,1
147,Eh,0.0112,1
148,Eh,0.0112,1
149,Eh,0.0112,1
150,Eh,0.0112,1
151,Eh,0.0112,1
152,Eh,0.0112,1
153,Eh,0.0112,1
154,Eh,0.0112,1
155,Eh,0.0112,1
156,Eh,0.0112,1
157,Eh,0.0112,1
158,Eh,0.0112,1
159,Eh,0.0112,1
160,Eh,0.0112,1
161,Eh,0.0112,1
162,Eh,0.0112,1
163,Eh,0.0112,1
164,Eh,0.0112,1
165,Eh,0.0112,1
166,Eh,0.0112,1
167,Eh,0.0112,1
168,Eh,0.0112,1
169,Eh,0.0112,1
170,Eh,0.0112,1
171,Eh,0.0112,1
172,Eh,0.0113,1
173,Eh,0.0113,1
174,Eh,0.0113,1
175,Eh,0.0113,1
176,Eh,0.0113,1
177,Eh,0.0113,1
178,Eh,0.0113,1
179,Eh,0.0113,1
180,Eh,0.0113,1
181,Eh,0.0113,1
182,Eh,0.0113,1
183,Eh,0.0113,1
184,Eh,0.0113,1
185,Eh,0.0113,1
186,Eh,0.0113,1
187,Eh,0.0113,1
188,Eh,0.0113,1
189,Eh,0.0113,1
190,Eh,0.0113,1
191,Eh,0.0113,1
192,Eh,0.0113,1
193,Eh,0.0113,1
194,Eh,0.0113,1
195,Eh,0.0113,1
196,Eh,0.0113,1
197,Eh,0.0113,1
198,Eh,0.0113,1
199,Eh,0.0113,1
200,Eh,0.0113,1
201,Eh,0.0113,1
202,Eh,0.0113,1
203,Eh,0.0113,1
204,Eh,0.0113,1
205,Eh,0.0113,1
206,Eh,0.0113,1
207,Eh,0.0113,1
208,Eh,0.0113,1
209,Eh,0.0113,1
210,Eh,0.0113,1
211,Eh,0.0113,1
212,Eh,0.0113,1
213,Eh,0.0113,1
214,Eh,0.0113,1
215,Eh,0.0113,1
216,Eh,0.0113,1
217,Eh,0.0113,1
218,Eh,0.0113,1
219,Eh,0.0113,1
220,Eh,0.0113,1
221,Eh,0.0113,1
222,Eh,0.0113,1
223,Eh,0.0113,1
224,Eh,0.0113,1
225,Eh,0.0113,1
226,Eh,0.0113,1
227,Eh,0.0113,1
228,Eh,0.0113,1
229,Eh,0.0113,1
230,Eh,0.0113,1
231,Eh,0.0113,1
232,Eh,0.0113,1
233,Eh,0.0113,1
234,Eh,0.0113,1
235,Eh,0.0113,1
236,Eh,0.0113,1
237,Eh,0.0113,1
238,Eh,0.0113,1
239,Eh,0.0113,1
240,Eh,0.0113,1
241,Eh,0.0113,1
242,Eh,0.0113,1
243,Eh,0.0113,1
244,Eh,0.0113,1
245,Eh,0.0113,1
246,Eh,0.0113,1
247,Eh,0.0113,1
248,Eh,0.0113,1
249,Eh,0.0113,1
250,Eh,0.0113,1
251,Eh,0.0113,1
252,Eh,0.0113,1
253,Eh,0.0113,1
254,Eh,0.0113,1
255,Eh,0.0113,1
256,Eh,0.0113,1
257,Eh,0.0113,1
258,Eh,0.0113,1
259,Eh,0.0113,1
260,Eh,0.0113,1
261,Eh,0.0113,1
262,Eh,0.0113,1
263,Eh,0.0113,1
264,Eh,0.0113,1
265,Eh,0.0113,1
266,Eh,0.0113,1
267,Eh,0.0113,1
268,Eh,0.0113,1
269,Eh,0.0113,1
270,Eh,0.0113,1
271,Eh,0.0113,1
272,Eh,0.0113,1
273,Eh,0.0113,1
274,Eh,0.0113,1
275,Eh,0.0113,1
276,Eh,0.0113,1
277,Eh,0.0113,1
278,Eh,0.0113,1
279,Eh,0.0113,1
280,Eh,0.0113,1
281,Eh,0.0113,1
282,Eh,0.0113,1
283,Eh,0.0113,1
284,Eh,0.0113,1
285,Eh,0.0113,1
286,Eh,0.0113,1
287,Eh,0.0113,1
288,Eh,0.0113,1
289,Eh,0.0113,1
290,Eh,0.0113,1
291,Eh,0.0113,1
292,Eh,0.0113,1
293,Eh,0.0113,1
294,Eh,0.0113,1
295,Eh,0.0113,1
296,Eh,0.0113,1
297,Eh,0.0113,1
298,Eh,0.0113,1
299,Eh,0.0113,1
300,Eh,0.0113,1
301,Eh,0.0113,1
302,Eh,0.0113,1
303,Eh,0.0113,1
304,Eh,0.0113,1
305,Eh,0.0113,1
306,Eh,0.0113,1
307,Eh,0.0113,1
308,Eh,0.0113,1
309,Eh,0.0113,1
310,Eh,0.0113,1
311,Eh,0.0113,1
312,Eh,0.0113,1
313,Eh,0.0113,1
314,Eh,0.0113,1
315,Eh,0.0113,1
316,Eh,0.0113,1
317,Eh,0.0113,1
318,Eh,0.0113,1
319,Eh,0.0113,1
320,Eh,0.0113,1
321,Eh,0.0113,1
322,Eh,0.0113,1
323,Eh,0.0113,1
324,Eh,0.0113,1
325,Eh,0.0113,1
326,Eh,0.0113,1
327,Eh,0.0113,1
328,Eh,0.0113,1
329,Eh,0.0113,1
330,Eh,0.0113,1
331,Eh,0.0113,1
332,Eh,0.0113,1
333,Eh,0.0113,1
334,Eh,0.0113,1
335,Eh,0.0113,1
336,Eh,0.0113,1
337,Eh,0.0113,1
338,Eh,0.0113,1
339,Eh,0.0113,1
340,Eh,0.0113,1
341,Eh,0.0113,1
342,Eh,0.0113,1
343,Eh,0.0113,1
344,Eh,0.0113,1
345,Eh,0.0113,1
346,Eh,0.0113,1
347,Eh,0.0113,1
348,Eh,0.0113,1
349,Eh,0.0113,1
350,Eh,0.0113,1
351,Eh,0.0113,1
352,Eh,0.0113,1
0,Et,0.06,2
1,Et,0.0435,2
2,Et,0.0298,2
3,Et,0.0196,2
4,Et,0.0126,2
5,Et,0.008,2
6,Et,0.005,2
7,Et,0.0032,2
8,Et,0.002,2
9,Et,0.0013,2
10,Et,0.001,2
11,Et,0.0007,2
12,Et,0.0006,2
13,Et,0.0005,2
14,Et,0.0005,2
15,Et,0.0005,2
16,Et,0.0005,2
17,Et,0.0005,2
18,Et,0.0006,2
19,Et,0.0006,2
20,Et,0.0006,2
21,Et,0.0006,2
22,Et,0.0006,2
23,Et,0.0006,2
24,Et,0.0007,2
25,Et,0.0007,2
26,Et,0.0007,2
27,Et,0.0007,2
28,Et,0.0007,2
29,Et,0.0007,2
30,Et,0.0007,2
31,Et,0.0008,2
32,Et,0.0008,2
33,Et,0.0008,2
34,Et,0.0008,2
35,Et,0.0008,2
36,Et,0.0008,2
37,Et,0.0008,2
38,Et,0.0008,2
39,Et,0.0008,2
40,Et,0.0008,2
41,Et,0.0008,2
42,Et,0.0009,2
43,Et,0.0009,2
44,Et,0.0009,2
45,Et,0.0009,2
46,Et,0.0009,2
47,Et,0.0009,2
48,Et,0.0009,2
49,Et,0.0009,2
50,Et,0.0009,2
51,Et,0.0009,2
52,Et,0.0009,2
53,Et,0.0009,2
54,Et,0.0009,2
55,Et,0.0009,2
56,Et,0.0009,2
57,Et,0.0009,2
58,Et,0.0009,2
59,Et,0.0009,2
60,Et,0.0009,2
61,Et,0.0009,2
62,Et,0.0009,2
63,Et,0.0009,2
64,Et,0.0009,2
65,Et,0.0009,2
66,Et,0.0009,2
67,Et,0.0009,2
68,Et,0.0009,2
69,Et,0.0009,2
70,Et,0.0009,2
71,Et,0.0009,2
72,Et,0.0009,2
73,Et,0.0009,2
74,Et,0.0009,2
75,Et,0.001,2
76,Et,0.001,2
77,Et,0.001,2
78,Et,0.001,2
79,Et,0.001,2
80,Et,0.001,2
81,Et,0.001,2
82,Et,0.001,2
83,Et,0.001,2
84,Et,0.001,2
85,Et,0.001,2
86,Et,0.001,2
87,Et,0.001,2
88,Et,0.001,2
89,Et,0.001,2
90,Et,0.001,2
91,Et,0.001,2
92,Et,0.001,2
93,Et,0.001,2
94,Et,0.001,2
95,Et,0.001,2
96,Et,0.001,2
97,Et,0.001,2
98,Et,0.001,2
99,Et,0.001,2
100,Et,0.001,2
101,Et,0.001,2
102,Et,0.001,2
103,Et,0.001,2
104,Et,0.001,2
105,Et,0.001,2
106,Et,0.001,2
107,Et,0.001,2
108,Et,0.001,2
109,Et,0.001,2
110,Et,0.001,2
111,Et,0.001,2
112,Et,0.001,2
113,Et,0.001,2
114,Et,0.001,2
115,Et,0.001,2
116,Et,0.001,2
117,Et,0.001,2
118,Et,0.001,2
119,Et,0.001,2
120,Et,0.001,2
121,Et,0.001,2
122,Et,0.001,2
123,Et,0.001,2
124,Et,0.001,2
125,Et,0.001,2
126,Et,0.001,2
127,Et,0.001,2
128,Et,0.001,2
129,Et,0.001,2
130,Et,0.001,2
131,Et,0.001,2
132,Et,0.001,2
133,Et,0.001,2
134,Et,0.001,2
135,Et,0.001,2
136,Et,0.001,2
137,Et,0.001,2
138,Et,0.001,2
139,Et,0.001,2
140,Et,0.001,2
141,Et,0.001,2
142,Et,0.001,2
143,Et,0.001,2
144,Et,0.001,2
145,Et,0.001,2
146,Et,0.001,2
147,Et,0.001,2
148,Et,0.001,2
149,Et,0.001,2
150,Et,0.001,2
151,Et,0.001,2
152,Et,0.001,2
153,Et,0.001,2
154,Et,0.001,2
155,Et,0.001,2
156,Et,0.001,2
157,Et,0.001,2
158,Et,0.001,2
159,Et,0.001,2
160,Et,0.001,2
161,Et,0.001,2
162,Et,0.001,2
163,Et,0.001,2
164,Et,0.001,2
165,Et,0.001,2
166,Et,0.001,2
167,Et,0.001,2
168,Et,0.001,2
169,Et,0.001,2
170,Et,0.001,2
171,Et,0.001,2
172,Et,0.001,2
173,Et,0.001,2
174,Et,0.001,2
175,Et,0.001,2
176,Et,0.001,2
177,Et,0.001,2
178,Et,0.001,2
179,Et,0.001,2
180,Et,0.001,2
181,Et,0.001,2
182,Et,0.001,2
183,Et,0.001,2
184,Et,0.001,2
185,Et,0.001,2
186,Et,0.001,2
187,Et,0.001,2
188,Et,0.001,2
189,Et,0.001,2
190,Et,0.001,2
191,Et,0.001,2
192,Et,0.001,2
193,Et,0.001,2
194,Et,0.001,2
195,Et,0.001,2
196,Et,0.001,2
197,Et,0.001,2
198,Et,0.001,2
199,Et,0.001,2
200,Et,0.001,2
201,Et,0.001,2
202,Et,0.001,2
203,Et,0.001,2
204,Et,0.001,2
205,Et,0.001,2
206,Et,0.001,2
207,Et,0.001,2
208,Et,0.001,2
209,Et,0.001,2
210,Et,0.001,2
211,Et,0.001,2
212,Et,0.001,2
213,Et,0.001,2
214,Et,0.001,2
215,Et,0.001,2
216,Et,0.001,2
217,Et,0.001,2
218,Et,0.001,2
219,Et,0.001,2
220,Et,0.001,2
221,Et,0.001,2
222,Et,0.001,2
223,Et,0.001,2
224,Et,0.001,2
225,Et,0.001,2
226,Et,0.001,2
227,Et,0.001,2
228,Et,0.001,2
229,Et,0.001,2
230,Et,0.001,2
231,Et,0.001,2
232,Et,0.001,2
233,Et,0.001,2
234,Et,0.001,2
235,Et,0.001,2
236,Et,0.001,2
237,Et,0.001,2
238,Et,0.001,2
239,Et,0.001,2
240,Et,0.001,2
241,Et,0.001,2
242,Et,0.001,2
243,Et,0.001,2
244,Et,0.001,2
245,Et,0.001,2
246,Et,0.001,2
247,Et,0.001,2
248,Et,0.001,2
249,Et,0.001,2
250,Et,0.001,2
251,Et,0.001,2
252,Et,0.001,2
253,Et,0.001,2
254,Et,0.001,2
255,Et,0.001,2
256,Et,0.001,2
257,Et,0.001,2
258,Et,0.001,2
259,Et,0.001,2
260,Et,0.001,2
261,Et,0.001,2
262,Et,0.001,2
263,Et,0.001,2
264,Et,0.001,2
265,Et,0.001,2
266,Et,0.001,2
267,Et,0.001,2
268,Et,0.001,2
269,Et,0.001,2
270,Et,0.001,2
271,Et,0.001,2
272,Et,0.001,2
273,Et,0.001,2
274,Et,0.001,2
275,Et,0.001,2
276,Et,0.001,2
277,Et,0.001,2
278,Et,0.001,2
279,Et,0.001,2
280,Et,0.001,2
281,Et,0.001,2
282,Et,0.001,2
283,Et,0.001,2
284,Et,0.001,2
285,Et,0.001,2
286,Et,0.001,2
287,Et,0.001,2
288,Et,0.001,2
289,Et,0.001,2
290,Et,0.001,2
291,Et,0.001,2
292,Et,0.001,2
293,Et,0.001,2
294,Et,0.001,2
295,Et,0.001,2
296,Et,0.001,2
297,Et,0.001,2
298,Et,0.001,2
299,Et,0.001,2
300,Et,0.001,2
301,Et,0.001,2
302,Et,0.001,2
303,Et,0.001,2
304,Et,0.001,2
305,Et,0.001,2
306,Et,0.001,2
307,Et,0.001,2
308,Et,0.001,2
309,Et,0.001,2
310,Et,0.001,2
311,Et,0.001,2
312,Et,0.001,2
313,Et,0.001,2
314,Et,0.001,2
315,Et,0.001,2
316,Et,0.001,2
317,Et,0.001,2
318,Et,0.001,2
319,Et,0.001,2
320,Et,0.001,2
321,Et,0.001,2
322,Et,0.001,2
323,Et,0.001,2
324,Et,0.001,2
325,Et,0.001,2
326,Et,0.001,2
327,Et,0.001,2
328,Et,0.001,2
329,Et,0.001,2
330,Et,0.001,2
331,Et,0.001,2
332,Et,0.001,2
333,Et,0.001,2
334,Et,0.001,2
335,Et,0.001,2
336,Et,0.001,2
337,Et,0.001,2
338,Et,0.001,2
339,Et,0.001,2
340,Et,0.001,2
341,Et,0.001,2
342,Et,0.001,2
343,Et,0.001,2
344,Et,0.001,2
345,Et,0.001,2
346,Et,0.001,2
347,Et,0.001,2
348,Et,0.001,2
349,Et,0.001,2
350,Et,0.001,2
351,Et,0.001,2
352,Et,0.001,2
0,En,0.3494,3
1,En,0.4739,3
2,En,0.5264,3
3,En,0.5413,3
4,En,0.5371,3
5,En,0.5233,3
6,En,0.5052,3
7,En,0.4853,3
8,En,0.4651,3
9,En,0.4454,3
10,En,0.4264,3
11,En,0.4082,3
12,En,0.3911,3
13,En,0.3749,3
14,En,0.3596,3
15,En,0.3453,3
16,En,0.3317,3
17,En,0.319,3
18,En,0.307,3
19,En,0.2958,3
20,En,0.2852,3
21,En,0.2752,3
22,En,0.2659,3
23,En,0.2571,3
24,En,0.2488,3
25,En,0.241,3
26,En,0.2337,3
27,En,0.2268,3
28,En,0.2204,3
29,En,0.2143,3
30,En,0.2086,3
31,En,0.2032,3
32,En,0.1982,3
33,En,0.1935,3
34,En,0.189,3
35,En,0.1848,3
36,En,0.1809,3
37,En,0.1772,3
38,En,0.1738,3
39,En,0.1705,3
40,En,0.1675,3
41,En,0.1646,3
42,En,0.162,3
43,En,0.1594,3
44,En,0.1571,3
45,En,0.1549,3
46,En,0.1528,3
47,En,0.1508,3
48,En,0.149,3
49,En,0.1473,3
50,En,0.1457,3
51,En,0.1442,3
52,En,0.1428,3
53,En,0.1415,3
54,En,0.1403,3
55,En,0.1391,3
56,En,0.138,3
57,En,0.137,3
58,En,0.1361,3
59,En,0.1352,3
60,En,0.1344,3
61,En,0.1336,3
62,En,0.1329,3
63,En,0.1322,3
64,En,0.1316,3
65,En,0.131,3
66,En,0.1305,3
67,En,0.13,3
68,En,0.1295,3
69,En,0.1291,3
70,En,0.1287,3
71,En,0.1283,3
72,En,0.1279,3
73,En,0.1276,3
74,En,0.1273,3
75,En,0.127,3
76,En,0.1268,3
77,En,0.1266,3
78,En,0.1263,3
79,En,0.1261,3
80,En,0.1259,3
81,En,0.1258,3
82,En,0.1256,3
83,En,0.1255,3
84,En,0.1254,3
85,En,0.1252,3
86,En,0.1251,3
87,En,0.125,3
88,En,0.1249,3
89,En,0.1249,3
90,En,0.1248,3
91,En,0.1247,3
92,En,0.1247,3
93,En,0.1246,3
94,En,0.1246,3
95,En,0.1245,3
96,En,0.1245,3
97,En,0.1245,3
98,En,0.1245,3
99,En,0.1244,3
100,En,0.1244,3
101,En,0.1244,3
102,En,0.1244,3
103,En,0.1244,3
104,En,0.1244,3
105,En,0.1244,3
106,En,0.1244,3
107,En,0.1244,3
108,En,0.1244,3
109,En,0.1244,3
110,En,0.1244,3
111,En,0.1245,3
112,En,0.1245,3
113,En,0.1245,3
114,En,0.1245,3
115,En,0.1245,3
116,En,0.1245,3
117,En,0.1246,3
118,En,0.1246,3
119,En,0.1246,3
120,En,0.1246,3
121,En,0.1246,3
122,En,0.1247,3
123,En,0.1247,3
124,En,0.1247,3
125,En,0.1247,3
126,En,0.1248,3
127,En,0.1248,3
128,En,0.1248,3
129,En,0.1248,3
130,En,0.1249,3
131,En,0.1249,3
132,En,0.1249,3
133,En,0.1249,3
134,En,0.125,3
135,En,0.125,3
136,En,0.125,3
137,En,0.125,3
138,En,0.1251,3
139,En,0.1251,3
140,En,0.1251,3
141,En,0.1251,3
142,En,0.1252,3
143,En,0.1252,3
144,En,0.1252,3
145,En,0.1252,3
146,En,0.1252,3
147,En,0.1253,3
148,En,0.1253,3
149,En,0.1253,3
150,En,0.1253,3
151,En,0.1253,3
152,En,0.1254,3
153,En,0.1254,3
154,En,0.1254,3
155,En,0.1254,3
156,En,0.1254,3
157,En,0.1255,3
158,En,0.1255,3
159,En,0.1255,3
160,En,0.1255,3
161,En,0.1255,3
162,En,0.1256,3
163,En,0.1256,3
164,En,0.1256,3
165,En,0.1256,3
166,En,0.1256,3
167,En,0.1256,3
168,En,0.1257,3
169,En,0.1257,3
170,En,0.1257,3
171,En,0.1257,3
172,En,0.1257,3
173,En,0.1257,3
174,En,0.1257,3
175,En,0.1258,3
176,En,0.1258,3
177,En,0.1258,3
178,En,0.1258,3
179,En,0.1258,3
180,En,0.1258,3
181,En,0.1258,3
182,En,0.1258,3
183,En,0.1259,3
184,En,0.1259,3
185,En,0.1259,3
186,En,0.1259,3
187,En,0.1259,3
188,En,0.1259,3
189,En,0.1259,3
190,En,0.1259,3
191,En,0.1259,3
192,En,0.126,3
193,En,0.126,3
194,En,0.126,3
195,En,0.126,3
196,En,0.126,3
197,En,0.126,3
198,En,0.126,3
199,En,0.126,3
200,En,0.126,3
201,En,0.126,3
202,En,0.126,3
203,En,0.126,3
204,En,0.1261,3
205,En,0.1261,3
206,En,0.1261,3
207,En,0.1261,3
208,En,0.1261,3
209,En,0.1261,3
210,En,0.1261,3
211,En,0.1261,3
212,En,0.1261,3
213,En,0.1261,3
214,En,0.1261,3
215,En,0.1261,3
216,En,0.1261,3
217,En,0.1261,3
218,En,0.1261,3
219,En,0.1261,3
220,En,0.1262,3
221,En,0.1262,3
222,En,0.1262,3
223,En,0.1262,3
224,En,0.1262,3
225,En,0.1262,3
226,En,0.1262,3
227,En,0.1262,3
228,En,0.1262,3
229,En,0.1262,3
230,En,0.1262,3
231,En,0.1262,3
232,En,0.1262,3
233,En,0.1262,3
234,En,0.1262,3
235,En,0.1262,3
236,En,0.1262,3
237,En,0.1262,3
238,En,0.1262,3
239,En,0.1262,3
240,En,0.1262,3
241,En,0.1262,3
242,En,0.1262,3
243,En,0.1262,3
244,En,0.1263,3
245,En,0.1263,3
246,En,0.1263,3
247,En,0.1263,3
248,En,0.1263,3
249,En,0.1263,3
250,En,0.1263,3
251,En,0.1263,3
252,En,0.1263,3
253,En,0.1263,3
254,En,0.1263,3
255,En,0.1263,3
256,En,0.1263,3
257,En,0.1263,3
258,En,0.1263,3
259,En,0.1263,3
260,En,0.1263,3
261,En,0.1263,3
262,En,0.1263,3
263,En,0.1263,3
264,En,0.1263,3
265,En,0.1263,3
266,En,0.1263,3
267,En,0.1263,3
268,En,0.1263,3
269,En,0.1263,3
270,En,0.1263,3
271,En,0.1263,3
272,En,0.1263,3
273,En,0.1263,3
274,En,0.1263,3
275,En,0.1263,3
276,En,0.1263,3
277,En,0.1263,3
278,En,0.1263,3
279,En,0.1263,3
280,En,0.1263,3
281,En,0.1263,3
282,En,0.1263,3
283,En,0.1263,3
284,En,0.1263,3
285,En,0.1263,3
286,En,0.1263,3
287,En,0.1263,3
288,En,0.1263,3
289,En,0.1263,3
290,En,0.1263,3
291,En,0.1263,3
292,En,0.1263,3
293,En,0.1263,3
294,En,0.1263,3
295,En,0.1263,3
296,En,0.1263,3
297,En,0.1263,3
298,En,0.1264,3
299,En,0.1264,3
300,En,0.1264,3
301,En,0.1264,3
302,En,0.1264,3
303,En,0.1264,3
304,En,0.1264,3
305,En,0.1264,3
306,En,0.1264,3
307,En,0.1264,3
308,En,0.1264,3
309,En,0.1264,3
310,En,0.1264,3
311,En,0.1264,3
312,En,0.1264,3
313,En,0.1264,3
314,En,0.1264,3
315,En,0.1264,3
316,En,0.1264,3
317,En,0.1264,3
318,En,0.1264,3
319,En,0.1264,3
320,En,0.1264,3
321,En,0.1264,3
322,En,0.1264,3
323,En,0.1264,3
324,En,0.1264,3
325,En,0.1264,3
326,En,0.1264,3
327,En,0.1264,3
328,En,0.1264,3
329,En,0.1264,3
330,En,0.1264,3
331,En,0.1264,3
332,En,0.1264,3
333,En,0.1264,3
334,En,0.1264,3
335,En,0.1264,3
336,En,0.1264,3
337,En,0.1264,3
338,En,0.1264,3
339,En,0.1264,3
340,En,0.1264,3
341,En,0.1264,3
342,En,0.1264,3
343,En,0.1264,3
344,En,0.1264,3
345,En,0.1264,3
346,En,0.1264,3
347,En,0.1264,3
348,En,0.1264,3
349,En,0.1264,3
350,En,0.1264,3
351,En,0.1264,3
352,En,0.1264,3
0,Ih,0.2,4
1,Ih,0.1719,4
2,Ih,0.1515,4
3,Ih,0.1361,4
4,Ih,0.1237,4
5,Ih,0.1136,4
6,Ih,0.105,4
7,Ih,0.0976,4
8,Ih,0.0911,4
9,Ih,0.0854,4
10,Ih,0.0802,4
11,Ih,0.0756,4
12,Ih,0.0714,4
13,Ih,0.0676,4
14,Ih,0.0642,4
15,Ih,0.061,4
16,Ih,0.058,4
17,Ih,0.0553,4
18,Ih,0.0528,4
19,Ih,0.0505,4
20,Ih,0.0483,4
21,Ih,0.0463,4
22,Ih,0.0445,4
23,Ih,0.0427,4
24,Ih,0.0411,4
25,Ih,0.0396,4
26,Ih,0.0381,4
27,Ih,0.0368,4
28,Ih,0.0356,4
29,Ih,0.0344,4
30,Ih,0.0333,4
31,Ih,0.0323,4
32,Ih,0.0313,4
33,Ih,0.0304,4
34,Ih,0.0295,4
35,Ih,0.0287,4
36,Ih,0.028,4
37,Ih,0.0273,4
38,Ih,0.0266,4
39,Ih,0.026,4
40,Ih,0.0254,4
41,Ih,0.0249,4
42,Ih,0.0243,4
43,Ih,0.0239,4
44,Ih,0.0234,4
45,Ih,0.023,4
46,Ih,0.0226,4
47,Ih,0.0222,4
48,Ih,0.0219,4
49,Ih,0.0215,4
50,Ih,0.0212,4
51,Ih,0.0209,4
52,Ih,0.0207,4
53,Ih,0.0204,4
54,Ih,0.0202,4
55,Ih,0.02,4
56,Ih,0.0197,4
57,Ih,0.0195,4
58,Ih,0.0194,4
59,Ih,0.0192,4
60,Ih,0.019,4
61,Ih,0.0189,4
62,Ih,0.0187,4
63,Ih,0.0186,4
64,Ih,0.0185,4
65,Ih,0.0184,4
66,Ih,0.0183,4
67,Ih,0.0182,4
68,Ih,0.0181,4
69,Ih,0.018,4
70,Ih,0.0179,4
71,Ih,0.0178,4
72,Ih,0.0178,4
73,Ih,0.0177,4
74,Ih,0.0176,4
75,Ih,0.0176,4
76,Ih,0.0175,4
77,Ih,0.0175,4
78,Ih,0.0174,4
79,Ih,0.0174,4
80,Ih,0.0173,4
81,Ih,0.0173,4
82,Ih,0.0173,4
83,Ih,0.0172,4
84,Ih,0.0172,4
85,Ih,0.0172,4
86,Ih,0.0172,4
87,Ih,0.0171,4
88,Ih,0.0171,4
89,Ih,0.0171,4
90,Ih,0.0171,4
91,Ih,0.0171,4
92,Ih,0.0171,4
93,Ih,0.017,4
94,Ih,0.017,4
95,Ih,0.017,4
96,Ih,0.017,4
97,Ih,0.017,4
98,Ih,0.017,4
99,Ih,0.017,4
100,Ih,0.017,4
101,Ih,0.017,4
102,Ih,0.017,4
103,Ih,0.017,4
104,Ih,0.017,4
105,Ih,0.017,4
106,Ih,0.017,4
107,Ih,0.017,4
108,Ih,0.017,4
109,Ih,0.017,4
110,Ih,0.017,4
111,Ih,0.017,4
112,Ih,0.017,4
113,Ih,0.017,4
114,Ih,0.017,4
115,Ih,0.017,4
116,Ih,0.017,4
117,Ih,0.017,4
118,Ih,0.017,4
119,Ih,0.017,4
120,Ih,0.017,4
121,Ih,0.017,4
122,Ih,0.017,4
123,Ih,0.017,4
124,Ih,0.017,4
125,Ih,0.017,4
126,Ih,0.017,4
127,Ih,0.017,4
128,Ih,0.017,4
129,Ih,0.017,4
130,Ih,0.017,4
131,Ih,0.017,4
132,Ih,0.017,4
133,Ih,0.017,4
134,Ih,0.017,4
135,Ih,0.017,4
136,Ih,0.017,4
137,Ih,0.017,4
138,Ih,0.017,4
139,Ih,0.017,4
140,Ih,0.017,4
141,Ih,0.017,4
142,Ih,0.0171,4
143,Ih,0.0171,4
144,Ih,0.0171,4
145,Ih,0.0171,4
146,Ih,0.0171,4
147,Ih,0.0171,4
148,Ih,0.0171,4
149,Ih,0.0171,4
150,Ih,0.0171,4
151,Ih,0.0171,4
152,Ih,0.0171,4
153,Ih,0.0171,4
154,Ih,0.0171,4
155,Ih,0.0171,4
156,Ih,0.0171,4
157,Ih,0.0171,4
158,Ih,0.0171,4
159,Ih,0.0171,4
160,Ih,0.0171,4
161,Ih,0.0171,4
162,Ih,0.0171,4
163,Ih,0.0171,4
164,Ih,0.0171,4
165,Ih,0.0171,4
166,Ih,0.0171,4
167,Ih,0.0171,4
168,Ih,0.0171,4
169,Ih,0.0171,4
170,Ih,0.0171,4
171,Ih,0.0171,4
172,Ih,0.0171,4
173,Ih,0.0171,4
174,Ih,0.0171,4
175,Ih,0.0171,4
176,Ih,0.0171,4
177,Ih,0.0171,4
178,Ih,0.0171,4
179,Ih,0.0171,4
180,Ih,0.0171,4
181,Ih,0.0172,4
182,Ih,0.0172,4
183,Ih,0.0172,4
184,Ih,0.0172,4
185,Ih,0.0172,4
186,Ih,0.0172,4
187,Ih,0.0172,4
188,Ih,0.0172,4
189,Ih,0.0172,4
190,Ih,0.0172,4
191,Ih,0.0172,4
192,Ih,0.0172,4
193,Ih,0.0172,4
194,Ih,0.0172,4
195,Ih,0.0172,4
196,Ih,0.0172,4
197,Ih,0.0172,4
198,Ih,0.0172,4
199,Ih,0.0172,4
200,Ih,0.0172,4
201,Ih,0.0172,4
202,Ih,0.0172,4
203,Ih,0.0172,4
204,Ih,0.0172,4
205,Ih,0.0172,4
206,Ih,0.0172,4
207,Ih,0.0172,4
208,Ih,0.0172,4
209,Ih,0.0172,4
210,Ih,0.0172,4
211,Ih,0.0172,4
212,Ih,0.0172,4
213,Ih,0.0172,4
214,Ih,0.0172,4
215,Ih,0.0172,4
216,Ih,0.0172,4
217,Ih,0.0172,4
218,Ih,0.0172,4
219,Ih,0.0172,4
220,Ih,0.0172,4
221,Ih,0.0172,4
222,Ih,0.0172,4
223,Ih,0.0172,4
224,Ih,0.0172,4
225,Ih,0.0172,4
226,Ih,0.0172,4
227,Ih,0.0172,4
228,Ih,0.0172,4
229,Ih,0.0172,4
230,Ih,0.0172,4
231,Ih,0.0172,4
232,Ih,0.0172,4
233,Ih,0.0172,4
234,Ih,0.0172,4
235,Ih,0.0172,4
236,Ih,0.0172,4
237,Ih,0.0172,4
238,Ih,0.0172,4
239,Ih,0.0172,4
240,Ih,0.0172,4
241,Ih,0.0172,4
242,Ih,0.0172,4
243,Ih,0.0172,4
244,Ih,0.0172,4
245,Ih,0.0172,4
246,Ih,0.0172,4
247,Ih,0.0172,4
248,Ih,0.0172,4
249,Ih,0.0172,4
250,Ih,0.0172,4
251,Ih,0.0172,4
252,Ih,0.0172,4
253,Ih,0.0172,4
254,Ih,0.0172,4
255,Ih,0.0172,4
256,Ih,0.0172,4
257,Ih,0.0172,4
258,Ih,0.0172,4
259,Ih,0.0172,4
260,Ih,0.0172,4
261,Ih,0.0172,4
262,Ih,0.0172,4
263,Ih,0.0172,4
264,Ih,0.0172,4
265,Ih,0.0172,4
266,Ih,0.0172,4
267,Ih,0.0172,4
268,Ih,0.0172,4
269,Ih,0.0172,4
270,Ih,0.0172,4
271,Ih,0.0172,4
272,Ih,0.0172,4
273,Ih,0.0172,4
274,Ih,0.0172,4
275,Ih,0.0172,4
276,Ih,0.0172,4
277,Ih,0.0172,4
278,Ih,0.0172,4
279,Ih,0.0172,4
280,Ih,0.0172,4
281,Ih,0.0172,4
282,Ih,0.0172,4
283,Ih,0.0172,4
284,Ih,0.0172,4
285,Ih,0.0172,4
286,Ih,0.0172,4
287,Ih,0.0172,4
288,Ih,0.0172,4
289,Ih,0.0172,4
290,Ih,0.0172,4
291,Ih,0.0172,4
292,Ih,0.0172,4
293,Ih,0.0172,4
294,Ih,0.0172,4
295,Ih,0.0172,4
296,Ih,0.0172,4
297,Ih,0.0172,4
298,Ih,0.0172,4
299,Ih,0.0172,4
300,Ih,0.0172,4
301,Ih,0.0172,4
302,Ih,0.0172,4
303,Ih,0.0172,4
304,Ih,0.0172,4
305,Ih,0.0172,4
306,Ih,0.0172,4
307,Ih,0.0172,4
308,Ih,0.0172,4
309,Ih,0.0172,4
310,Ih,0.0172,4
311,Ih,0.0172,4
312,Ih,0.0172,4
313,Ih,0.0172,4
314,Ih,0.0172,4
315,Ih,0.0172,4
316,Ih,0.0172,4
317,Ih,0.0172,4
318,Ih,0.0172,4
319,Ih,0.0172,4
320,Ih,0.0172,4
321,Ih,0.0172,4
322,Ih,0.0172,4
323,Ih,0.0172,4
324,Ih,0.0172,4
325,Ih,0.0172,4
326,Ih,0.0172,4
327,Ih,0.0172,4
328,Ih,0.0172,4
329,Ih,0.0172,4
330,Ih,0.0172,4
331,Ih,0.0172,4
332,Ih,0.0172,4
333,Ih,0.0172,4
334,Ih,0.0172,4
335,Ih,0.0172,4
336,Ih,0.0172,4
337,Ih,0.0172,4
338,Ih,0.0172,4
339,Ih,0.0172,4
340,Ih,0.0172,4
341,Ih,0.0172,4
342,Ih,0.0172,4
343,Ih,0.0172,4
344,Ih,0.0172,4
345,Ih,0.0172,4
346,Ih,0.0172,4
347,Ih,0.0172,4
348,Ih,0.0172,4
349,Ih,0.0172,4
350,Ih,0.0172,4
351,Ih,0.0172,4
352,Ih,0.0172,4
0,Iq,0.08,5
1,Iq,0.045,5
2,Iq,0.0308,5
3,Iq,0.0258,5
4,Iq,0.0246,5
5,Iq,0.0244,5
6,Iq,0.0243,5
7,Iq,0.0239,5
8,Iq,0.0233,5
9,Iq,0.0225,5
10,Iq,0.0215,5
11,Iq,0.0205,5
12,Iq,0.0195,5
13,Iq,0.0185,5
14,Iq,0.0175,5
15,Iq,0.0166,5
16,Iq,0.0158,5
17,Iq,0.015,5
18,Iq,0.0143,5
19,Iq,0.0136,5
20,Iq,0.013,5
21,Iq,0.0124,5
22,Iq,0.0118,5
23,Iq,0.0113,5
24,Iq,0.0108,5
25,Iq,0.0104,5
26,Iq,0.01,5
27,Iq,0.0096,5
28,Iq,0.0092,5
29,Iq,0.0089,5
30,Iq,0.0086,5
31,Iq,0.0083,5
32,Iq,0.008,5
33,Iq,0.0077,5
34,Iq,0.0075,5
35,Iq,0.0072,5
36,Iq,0.007,5
37,Iq,0.0068,5
38,Iq,0.0066,5
39,Iq,0.0064,5
40,Iq,0.0063,5
41,Iq,0.0061,5
42,Iq,0.006,5
43,Iq,0.0058,5
44,Iq,0.0057,5
45,Iq,0.0056,5
46,Iq,0.0054,5
47,Iq,0.0053,5
48,Iq,0.0052,5
49,Iq,0.0051,5
50,Iq,0.005,5
51,Iq,0.005,5
52,Iq,0.0049,5
53,Iq,0.0048,5
54,Iq,0.0047,5
55,Iq,0.0047,5
56,Iq,0.0046,5
57,Iq,0.0046,5
58,Iq,0.0045,5
59,Iq,0.0044,5
60,Iq,0.0044,5
61,Iq,0.0044,5
62,Iq,0.0043,5
63,Iq,0.0043,5
64,Iq,0.0042,5
65,Iq,0.0042,5
66,Iq,0.0042,5
67,Iq,0.0041,5
68,Iq,0.0041,5
69,Iq,0.0041,5
70,Iq,0.0041,5
71,Iq,0.004,5
72,Iq,0.004,5
73,Iq,0.004,5
74,Iq,0.004,5
75,Iq,0.004,5
76,Iq,0.004,5
77,Iq,0.0039,5
78,Iq,0.0039,5
79,Iq,0.0039,5
80,Iq,0.0039,5
81,Iq,0.0039,5
82,Iq,0.0039,5
83,Iq,0.0039,5
84,Iq,0.0039,5
85,Iq,0.0039,5
86,Iq,0.0038,5
87,Iq,0.0038,5
88,Iq,0.0038,5
89,Iq,0.0038,5
90,Iq,0.0038,5
91,Iq,0.0038,5
92,Iq,0.0038,5
93,Iq,0.0038,5
94,Iq,0.0038,5
95,Iq,0.0038,5
96,Iq,0.0038,5
97,Iq,0.0038,5
98,Iq,0.0038,5
99,Iq,0.0038,5
100,Iq,0.0038,5
101,Iq,0.0038,5
102,Iq,0.0038,5
103,Iq,0.0038,5
104,Iq,0.0038,5
105,Iq,0.0038,5
106,Iq,0.0038,5
107,Iq,0.0038,5
108,Iq,0.0038,5
109,Iq,0.0038,5
110,Iq,0.0038,5
111,Iq,0.0038,5
112,Iq,0.0038,5
113,Iq,0.0038,5
114,Iq,0.0038,5
115,Iq,0.0038,5
116,Iq,0.0038,5
117,Iq,0.0038,5
118,Iq,0.0038,5
119,Iq,0.0038,5
120,Iq,0.0038,5
121,Iq,0.0038,5
122,Iq,0.0038,5
123,Iq,0.0038,5
124,Iq,0.0038,5
125,Iq,0.0038,5
126,Iq,0.0038,5
127,Iq,0.0038,5
128,Iq,0.0038,5
129,Iq,0.0038,5
130,Iq,0.0038,5
131,Iq,0.0038,5
132,Iq,0.0038,5
133,Iq,0.0038,5
134,Iq,0.0038,5
135,Iq,0.0038,5
136,Iq,0.0038,5
137,Iq,0.0038,5
138,Iq,0.0038,5
139,Iq,0.0038,5
140,Iq,0.0038,5
141,Iq,0.0038,5
142,Iq,0.0038,5
143,Iq,0.0038,5
144,Iq,0.0038,5
145,Iq,0.0038,5
146,Iq,0.0038,5
147,Iq,0.0038,5
148,Iq,0.0038,5
149,Iq,0.0038,5
150,Iq,0.0038,5
151,Iq,0.0038,5
152,Iq,0.0038,5
153,Iq,0.0038,5
154,Iq,0.0038,5
155,Iq,0.0038,5
156,Iq,0.0038,5
157,Iq,0.0038,5
158,Iq,0.0038,5
159,Iq,0.0038,5
160,Iq,0.0038,5
161,Iq,0.0038,5
162,Iq,0.0038,5
163,Iq,0.0038,5
164,Iq,0.0038,5
165,Iq,0.0038,5
166,Iq,0.0038,5
167,Iq,0.0038,5
168,Iq,0.0038,5
169,Iq,0.0038,5
170,Iq,0.0038,5
171,Iq,0.0038,5
172,Iq,0.0038,5
173,Iq,0.0038,5
174,Iq,0.0038,5
175,Iq,0.0038,5
176,Iq,0.0038,5
177,Iq,0.0038,5
178,Iq,0.0038,5
179,Iq,0.0038,5
180,Iq,0.0038,5
181,Iq,0.0038,5
182,Iq,0.0038,5
183,Iq,0.0038,5
184,Iq,0.0038,5
185,Iq,0.0038,5
186,Iq,0.0038,5
187,Iq,0.0038,5
188,Iq,0.0038,5
189,Iq,0.0038,5
190,Iq,0.0038,5
191,Iq,0.0038,5
192,Iq,0.0038,5
193,Iq,0.0038,5
194,Iq,0.0038,5
195,Iq,0.0038,5
196,Iq,0.0038,5
197,Iq,0.0038,5
198,Iq,0.0038,5
199,Iq,0.0038,5
200,Iq,0.0038,5
201,Iq,0.0038,5
202,Iq,0.0038,5
203,Iq,0.0038,5
204,Iq,0.0038,5
205,Iq,0.0038,5
206,Iq,0.0038,5
207,Iq,0.0038,5
208,Iq,0.0038,5
209,Iq,0.0038,5
210,Iq,0.0038,5
211,Iq,0.0038,5
212,Iq,0.0038,5
213,Iq,0.0038,5
214,Iq,0.0038,5
215,Iq,0.0038,5
216,Iq,0.0038,5
217,Iq,0.0038,5
218,Iq,0.0038,5
219,Iq,0.0038,5
220,Iq,0.0038,5
221,Iq,0.0038,5
222,Iq,0.0038,5
223,Iq,0.0038,5
224,Iq,0.0038,5
225,Iq,0.0038,5
226,Iq,0.0038,5
227,Iq,0.0038,5
228,Iq,0.0038,5
229,Iq,0.0038,5
230,Iq,0.0038,5
231,Iq,0.0038,5
232,Iq,0.0038,5
233,Iq,0.0038,5
234,Iq,0.0038,5
235,Iq,0.0038,5
236,Iq,0.0038,5
237,Iq,0.0038,5
238,Iq,0.0038,5
239,Iq,0.0038,5
240,Iq,0.0038,5
241,Iq,0.0038,5
242,Iq,0.0038,5
243,Iq,0.0038,5
244,Iq,0.0038,5
245,Iq,0.0038,5
246,Iq,0.0038,5
247,Iq,0.0038,5
248,Iq,0.0038,5
249,Iq,0.0038,5
250,Iq,0.0038,5
251,Iq,0.0038,5
252,Iq,0.0038,5
253,Iq,0.0038,5
254,Iq,0.0038,5
255,Iq,0.0038,5
256,Iq,0.0038,5
257,Iq,0.0038,5
258,Iq,0.0038,5
259,Iq,0.0038,5
260,Iq,0.0038,5
261,Iq,0.0038,5
262,Iq,0.0038,5
263,Iq,0.0038,5
264,Iq,0.0038,5
265,Iq,0.0038,5
266,Iq,0.0038,5
267,Iq,0.0038,5
268,Iq,0.0038,5
269,Iq,0.0038,5
270,Iq,0.0038,5
271,Iq,0.0038,5
272,Iq,0.0038,5
273,Iq,0.0038,5
274,Iq,0.0038,5
275,Iq,0.0038,5
276,Iq,0.0038,5
277,Iq,0.0038,5
278,Iq,0.0038,5
279,Iq,0.0038,5
280,Iq,0.0038,5
281,Iq,0.0038,5
282,Iq,0.0038,5
283,Iq,0.0038,5
284,Iq,0.0038,5
285,Iq,0.0038,5
286,Iq,0.0038,5
287,Iq,0.0038,5
288,Iq,0.0038,5
289,Iq,0.0038,5
290,Iq,0.0038,5
291,Iq,0.0038,5
292,Iq,0.0038,5
293,Iq,0.0038,5
294,Iq,0.0038,5
295,Iq,0.0038,5
296,Iq,0.0038,5
297,Iq,0.0038,5
298,Iq,0.0038,5
299,Iq,0.0038,5
300,Iq,0.0038,5
301,Iq,0.0038,5
302,Iq,0.0038,5
303,Iq,0.0038,5
304,Iq,0.0038,5
305,Iq,0.0038,5
306,Iq,0.0038,5
307,Iq,0.0038,5
308,Iq,0.0038,5
309,Iq,0.0038,5
310,Iq,0.0038,5
311,Iq,0.0038,5
312,Iq,0.0038,5
313,Iq,0.0038,5
314,Iq,0.0038,5
315,Iq,0.0038,5
316,Iq,0.0038,5
317,Iq,0.0038,5
318,Iq,0.0038,5
319,Iq,0.0038,5
320,Iq,0.0038,5
321,Iq,0.0038,5
322,Iq,0.0038,5
323,Iq,0.0038,5
324,Iq,0.0038,5
325,Iq,0.0038,5
326,Iq,0.0038,5
327,Iq,0.0038,5
328,Iq,0.0038,5
329,Iq,0.0038,5
330,Iq,0.0038,5
331,Iq,0.0038,5
332,Iq,0.0038,5
333,Iq,0.0038,5
334,Iq,0.0038,5
335,Iq,0.0038,5
336,Iq,0.0038,5
337,Iq,0.0038,5
338,Iq,0.0038,5
339,Iq,0.0038,5
340,Iq,0.0038,5
341,Iq,0.0038,5
342,Iq,0.0038,5
343,Iq,0.0038,5
344,Iq,0.0038,5
345,Iq,0.0038,5
346,Iq,0.0038,5
347,Iq,0.0038,5
348,Iq,0.0038,5
349,Iq,0.0038,5
350,Iq,0.0038,5
351,Iq,0.0038,5
352,Iq,0.0038,5
0,D,0.0057,6
1,D,0.0344,6
2,D,0.0423,6
3,D,0.0426,6
4,D,0.0406,6
5,D,0.0381,6
6,D,0.0356,6
7,D,0.0333,6
8,D,0.0312,6
9,D,0.0293,6
10,D,0.0276,6
11,D,0.026,6
12,D,0.0245,6
13,D,0.0231,6
14,D,0.0219,6
15,D,0.0208,6
16,D,0.0197,6
17,D,0.0187,6
18,D,0.0179,6
19,D,0.017,6
20,D,0.0163,6
21,D,0.0155,6
22,D,0.0149,6
23,D,0.0143,6
24,D,0.0137,6
25,D,0.0131,6
26,D,0.0126,6
27,D,0.0122,6
28,D,0.0117,6
29,D,0.0113,6
30,D,0.0109,6
31,D,0.0106,6
32,D,0.0102,6
33,D,0.0099,6
34,D,0.0096,6
35,D,0.0093,6
36,D,0.0091,6
37,D,0.0088,6
38,D,0.0086,6
39,D,0.0084,6
40,D,0.0082,6
41,D,0.008,6
42,D,0.0078,6
43,D,0.0076,6
44,D,0.0075,6
45,D,0.0073,6
46,D,0.0072,6
47,D,0.0071,6
48,D,0.0069,6
49,D,0.0068,6
50,D,0.0067,6
51,D,0.0066,6
52,D,0.0065,6
53,D,0.0064,6
54,D,0.0064,6
55,D,0.0063,6
56,D,0.0062,6
57,D,0.0061,6
58,D,0.0061,6
59,D,0.006,6
60,D,0.0059,6
61,D,0.0059,6
62,D,0.0058,6
63,D,0.0058,6
64,D,0.0058,6
65,D,0.0057,6
66,D,0.0057,6
67,D,0.0056,6
68,D,0.0056,6
69,D,0.0056,6
70,D,0.0055,6
71,D,0.0055,6
72,D,0.0055,6
73,D,0.0055,6
74,D,0.0055,6
75,D,0.0054,6
76,D,0.0054,6
77,D,0.0054,6
78,D,0.0054,6
79,D,0.0054,6
80,D,0.0054,6
81,D,0.0053,6
82,D,0.0053,6
83,D,0.0053,6
84,D,0.0053,6
85,D,0.0053,6
86,D,0.0053,6
87,D,0.0053,6
88,D,0.0053,6
89,D,0.0053,6
90,D,0.0053,6
91,D,0.0053,6
92,D,0.0052,6
93,D,0.0052,6
94,D,0.0052,6
95,D,0.0052,6
96,D,0.0052,6
97,D,0.0052,6
98,D,0.0052,6
99,D,0.0052,6
100,D,0.0052,6
101,D,0.0052,6
102,D,0.0052,6
103,D,0.0052,6
104,D,0.0052,6
105,D,0.0052,6
106,D,0.0052,6
107,D,0.0052,6
108,D,0.0052,6
109,D,0.0052,6
110,D,0.0052,6
111,D,0.0052,6
112,D,0.0052,6
113,D,0.0052,6
114,D,0.0052,6
115,D,0.0052,6
116,D,0.0052,6
117,D,0.0052,6
118,D,0.0052,6
119,D,0.0052,6
120,D,0.0052,6
121,D,0.0052,6
122,D,0.0052,6
123,D,0.0052,6
124,D,0.0052,6
125,D,0.0052,6
126,D,0.0052,6
127,D,0.0052,6
128,D,0.0052,6
129,D,0.0052,6
130,D,0.0052,6
131,D,0.0052,6
132,D,0.0052,6
133,D,0.0052,6
134,D,0.0052,6
135,D,0.0052,6
136,D,0.0052,6
137,D,0.0052,6
138,D,0.0052,6
139,D,0.0052,6
140,D,0.0052,6
141,D,0.0052,6
142,D,0.0052,6
143,D,0.0052,6
144,D,0.0052,6
145,D,0.0052,6
146,D,0.0052,6
147,D,0.0052,6
148,D,0.0052,6
149,D,0.0052,6
150,D,0.0052,6
151,D,0.0052,6
152,D,0.0052,6
153,D,0.0052,6
154,D,0.0052,6
155,D,0.0052,6
156,D,0.0052,6
157,D,0.0053,6
158,D,0.0053,6
159,D,0.0052,6
160,D,0.0052,6
161,D,0.0053,6
162,D,0.0053,6
163,D,0.0053,6
164,D,0.0053,6
165,D,0.0053,6
166,D,0.0053,6
167,D,0.0053,6
168,D,0.0053,6
169,D,0.0053,6
170,D,0.0053,6
171,D,0.0053,6
172,D,0.0053,6
173,D,0.0053,6
174,D,0.0053,6
175,D,0.0053,6
176,D,0.0053,6
177,D,0.0053,6
178,D,0.0053,6
179,D,0.0053,6
180,D,0.0053,6
181,D,0.0053,6
182,D,0.0053,6
183,D,0.0053,6
184,D,0.0053,6
185,D,0.0053,6
186,D,0.0053,6
187,D,0.0053,6
188,D,0.0053,6
189,D,0.0053,6
190,D,0.0053,6
191,D,0.0053,6
192,D,0.0053,6
193,D,0.0053,6
194,D,0.0053,6
195,D,0.0053,6
196,D,0.0053,6
197,D,0.0053,6
198,D,0.0053,6
199,D,0.0053,6
200,D,0.0053,6
201,D,0.0053,6
202,D,0.0053,6
203,D,0.0053,6
204,D,0.0053,6
205,D,0.0053,6
206,D,0.0053,6
207,D,0.0053,6
208,D,0.0053,6
209,D,0.0053,6
210,D,0.0053,6
211,D,0.0053,6
212,D,0.0053,6
213,D,0.0053,6
214,D,0.0053,6
215,D,0.0053,6
216,D,0.0053,6
217,D,0.0053,6
218,D,0.0053,6
219,D,0.0053,6
220,D,0.0053,6
221,D,0.0053,6
222,D,0.0053,6
223,D,0.0053,6
224,D,0.0053,6
225,D,0.0053,6
226,D,0.0053,6
227,D,0.0053,6
228,D,0.0053,6
229,D,0.0053,6
230,D,0.0053,6
231,D,0.0053,6
232,D,0.0053,6
233,D,0.0053,6
234,D,0.0053,6
235,D,0.0053,6
236,D,0.0053,6
237,D,0.0053,6
238,D,0.0053,6
239,D,0.0053,6
240,D,0.0053,6
241,D,0.0053,6
242,D,0.0053,6
243,D,0.0053,6
244,D,0.0053,6
245,D,0.0053,6
246,D,0.0053,6
247,D,0.0053,6
248,D,0.0053,6
249,D,0.0053,6
250,D,0.0053,6
251,D,0.0053,6
252,D,0.0053,6
253,D,0.0053,6
254,D,0.0053,6
255,D,0.0053,6
256,D,0.0053,6
257,D,0.0053,6
258,D,0.0053,6
259,D,0.0053,6
260,D,0.0053,6
261,D,0.0053,6
262,D,0.0053,6
263,D,0.0053,6
264,D,0.0053,6
265,D,0.0053,6
266,D,0.0053,6
267,D,0.0053,6
268,D,0.0053,6
269,D,0.0053,6
270,D,0.0053,6
271,D,0.0053,6
272,D,0.0053,6
273,D,0.0053,6
274,D,0.0053,6
275,D,0.0053,6
276,D,0.0053,6
277,D,0.0053,6
278,D,0.0053,6
279,D,0.0053,6
280,D,0.0053,6
281,D,0.0053,6
282,D,0.0053,6
283,D,0.0053,6
284,D,0.0053,6
285,D,0.0053,6
286,D,0.0053,6
287,D,0.0053,6
288,D,0.0053,6
289,D,0.0053,6
290,D,0.0053,6
291,D,0.0053,6
292,D,0.0053,6
293,D,0.0053,6
294,D,0.0053,6
295,D,0.0053,6
296,D,0.0053,6
297,D,0.0053,6
298,D,0.0053,6
299,D,0.0053,6
300,D,0.0053,6
301,D,0.0053,6
302,D,0.0053,6
303,D,0.0053,6
304,D,0.0053,6
305,D,0.0053,6
306,D,0.0053,6
307,D,0.0053,6
308,D,0.0053,6
309,D,0.0053,6
310,D,0.0053,6
311,D,0.0053,6
312,D,0.0053,6
313,D,0.0053,6
314,D,0.0053,6
315,D,0.0053,6
316,D,0.0053,6
317,D,0.0053,6
318,D,0.0053,6
319,D,0.0053,6
320,D,0.0053,6
321,D,0.0053,6
322,D,0.0053,6
323,D,0.0053,6
324,D,0.0053,6
325,D,0.0053,6
326,D,0.0053,6
327,D,0.0053,6
328,D,0.0053,6
329,D,0.0053,6
330,D,0.0053,6
331,D,0.0053,6
332,D,0.0053,6
333,D,0.0053,6
334,D,0.0053,6
335,D,0.0053,6
336,D,0.0053,6
337,D,0.0053,6
338,D,0.0053,6
339,D,0.0053,6
340,D,0.0053,6
341,D,0.0053,6
342,D,0.0053,6
343,D,0.0053,6
344,D,0.0053,6
345,D,0.0053,6
346,D,0.0053,6
347,D,0.0053,6
348,D,0.0053,6
349,D,0.0053,6
350,D,0.0053,6
351,D,0.0053,6
352,D,0.0053,6
0,Sr,1.3,7
1,Sr,1.2644,7
2,Sr,1.2299,7
3,Sr,1.1965,7
4,Sr,1.1641,7
5,Sr,1.1327,7
6,Sr,1.1023,7
7,Sr,1.0729,7
8,Sr,1.0444,7
9,Sr,1.0167,7
10,Sr,0.99,7
11,Sr,0.964,7
12,Sr,0.9389,7
13,Sr,0.9146,7
14,Sr,0.891,7
15,Sr,0.8681,7
16,Sr,0.846,7
17,Sr,0.8245,7
18,Sr,0.8037,7
19,Sr,0.7836,7
20,Sr,0.7641,7
21,Sr,0.7452,7
22,Sr,0.7269,7
23,Sr,0.7092,7
24,Sr,0.692,7
25,Sr,0.6753,7
26,Sr,0.6592,7
27,Sr,0.6436,7
28,Sr,0.6284,7
29,Sr,0.6138,7
30,Sr,0.5995,7
31,Sr,0.5858,7
32,Sr,0.5724,7
33,Sr,0.5595,7
34,Sr,0.547,7
35,Sr,0.5349,7
36,Sr,0.5231,7
37,Sr,0.5117,7
38,Sr,0.5007,7
39,Sr,0.49,7
40,Sr,0.4796,7
41,Sr,0.4696,7
42,Sr,0.4599,7
43,Sr,0.4505,7
44,Sr,0.4414,7
45,Sr,0.4325,7
46,Sr,0.424,7
47,Sr,0.4157,7
48,Sr,0.4076,7
49,Sr,0.3998,7
50,Sr,0.3923,7
51,Sr,0.385,7
52,Sr,0.3779,7
53,Sr,0.3711,7
54,Sr,0.3644,7
55,Sr,0.358,7
56,Sr,0.3517,7
57,Sr,0.3457,7
58,Sr,0.3398,7
59,Sr,0.3342,7
60,Sr,0.3287,7
61,Sr,0.3233,7
62,Sr,0.3182,7
63,Sr,0.3132,7
64,Sr,0.3083,7
65,Sr,0.3037,7
66,Sr,0.2991,7
67,Sr,0.2947,7
68,Sr,0.2904,7
69,Sr,0.2863,7
70,Sr,0.2823,7
71,Sr,0.2784,7
72,Sr,0.2747,7
73,Sr,0.271,7
74,Sr,0.2675,7
75,Sr,0.2641,7
76,Sr,0.2608,7
77,Sr,0.2576,7
78,Sr,0.2545,7
79,Sr,0.2514,7
80,Sr,0.2485,7
81,Sr,0.2457,7
82,Sr,0.243,7
83,Sr,0.2403,7
84,Sr,0.2377,7
85,Sr,0.2353,7
86,Sr,0.2328,7
87,Sr,0.2305,7
88,Sr,0.2282,7
89,Sr,0.226,7
90,Sr,0.2239,7
91,Sr,0.2219,7
92,Sr,0.2199,7
93,Sr,0.2179,7
94,Sr,0.2161,7
95,Sr,0.2143,7
96,Sr,0.2125,7
97,Sr,0.2108,7
98,Sr,0.2091,7
99,Sr,0.2075,7
100,Sr,0.206,7
101,Sr,0.2045,7
102,Sr,0.203,7
103,Sr,0.2016,7
104,Sr,0.2003,7
105,Sr,0.1989,7
106,Sr,0.1977,7
107,Sr,0.1964,7
108,Sr,0.1952,7
109,Sr,0.1941,7
110,Sr,0.1929,7
111,Sr,0.1918,7
112,Sr,0.1908,7
113,Sr,0.1898,7
114,Sr,0.1888,7
115,Sr,0.1878,7
116,Sr,0.1869,7
117,Sr,0.186,7
118,Sr,0.1851,7
119,Sr,0.1842,7
120,Sr,0.1834,7
121,Sr,0.1826,7
122,Sr,0.1819,7
123,Sr,0.1811,7
124,Sr,0.1804,7
125,Sr,0.1797,7
126,Sr,0.179,7
127,Sr,0.1783,7
128,Sr,0.1777,7
129,Sr,0.1771,7
130,Sr,0.1765,7
131,Sr,0.1759,7
132,Sr,0.1753,7
133,Sr,0.1748,7
134,Sr,0.1743,7
135,Sr,0.1738,7
136,Sr,0.1733,7
137,Sr,0.1728,7
138,Sr,0.1723,7
139,Sr,0.1719,7
140,Sr,0.1714,7
141,Sr,0.171,7
142,Sr,0.1706,7
143,Sr,0.1702,7
144,Sr,0.1698,7
145,Sr,0.1694,7
146,Sr,0.1691,7
147,Sr,0.1687,7
148,Sr,0.1684,7
149,Sr,0.1681,7
150,Sr,0.1678,7
151,Sr,0.1674,7
152,Sr,0.1671,7
153,Sr,0.1669,7
154,Sr,0.1666,7
155,Sr,0.1663,7
156,Sr,0.166,7
157,Sr,0.1658,7
158,Sr,0.1655,7
159,Sr,0.1653,7
160,Sr,0.1651,7
161,Sr,0.1648,7
162,Sr,0.1646,7
163,Sr,0.1644,7
164,Sr,0.1642,7
165,Sr,0.164,7
166,Sr,0.1638,7
167,Sr,0.1636,7
168,Sr,0.1635,7
169,Sr,0.1633,7
170,Sr,0.1631,7
171,Sr,0.163,7
172,Sr,0.1628,7
173,Sr,0.1626,7
174,Sr,0.1625,7
175,Sr,0.1624,7
176,Sr,0.1622,7
177,Sr,0.1621,7
178,Sr,0.1619,7
179,Sr,0.1618,7
180,Sr,0.1617,7
181,Sr,0.1616,7
182,Sr,0.1615,7
183,Sr,0.1614,7
184,Sr,0.1612,7
185,Sr,0.1611,7
186,Sr,0.161,7
187,Sr,0.1609,7
188,Sr,0.1608,7
189,Sr,0.1608,7
190,Sr,0.1607,7
191,Sr,0.1606,7
192,Sr,0.1605,7
193,Sr,0.1604,7
194,Sr,0.1603,7
195,Sr,0.1603,7
196,Sr,0.1602,7
197,Sr,0.1601,7
198,Sr,0.16,7
199,Sr,0.16,7
200,Sr,0.1599,7
201,Sr,0.1598,7
202,Sr,0.1598,7
203,Sr,0.1597,7
204,Sr,0.1597,7
205,Sr,0.1596,7
206,Sr,0.1596,7
207,Sr,0.1595,7
208,Sr,0.1595,7
209,Sr,0.1594,7
210,Sr,0.1594,7
211,Sr,0.1593,7
212,Sr,0.1593,7
213,Sr,0.1592,7
214,Sr,0.1592,7
215,Sr,0.1591,7
216,Sr,0.1591,7
217,Sr,0.1591,7
218,Sr,0.159,7
219,Sr,0.159,7
220,Sr,0.159,7
221,Sr,0.1589,7
222,Sr,0.1589,7
223,Sr,0.1589,7
224,Sr,0.1588,7
225,Sr,0.1588,7
226,Sr,0.1588,7
227,Sr,0.1587,7
228,Sr,0.1587,7
229,Sr,0.1587,7
230,Sr,0.1587,7
231,Sr,0.1586,7
232,Sr,0.1586,7
233,Sr,0.1586,7
234,Sr,0.1586,7
235,Sr,0.1585,7
236,Sr,0.1585,7
237,Sr,0.1585,7
238,Sr,0.1585,7
239,Sr,0.1585,7
240,Sr,0.1584,7
241,Sr,0.1584,7
242,Sr,0.1584,7
243,Sr,0.1584,7
244,Sr,0.1584,7
245,Sr,0.1584,7
246,Sr,0.1584,7
247,Sr,0.1583,7
248,Sr,0.1583,7
249,Sr,0.1583,7
250,Sr,0.1583,7
251,Sr,0.1583,7
252,Sr,0.1583,7
253,Sr,0.1583,7
254,Sr,0.1582,7
255,Sr,0.1582,7
256,Sr,0.1582,7
257,Sr,0.1582,7
258,Sr,0.1582,7
259,Sr,0.1582,7
260,Sr,0.1582,7
261,Sr,0.1582,7
262,Sr,0.1582,7
263,Sr,0.1582,7
264,Sr,0.1581,7
265,Sr,0.1581,7
266,Sr,0.1581,7
267,Sr,0.1581,7
268,Sr,0.1581,7
269,Sr,0.1581,7
270,Sr,0.1581,7
271,Sr,0.1581,7
272,Sr,0.1581,7
273,Sr,0.1581,7
274,Sr,0.1581,7
275,Sr,0.1581,7
276,Sr,0.1581,7
277,Sr,0.1581,7
278,Sr,0.158,7
279,Sr,0.158,7
280,Sr,0.158,7
281,Sr,0.158,7
282,Sr,0.158,7
283,Sr,0.158,7
284,Sr,0.158,7
285,Sr,0.158,7
286,Sr,0.158,7
287,Sr,0.158,7
288,Sr,0.158,7
289,Sr,0.158,7
290,Sr,0.158,7
291,Sr,0.158,7
292,Sr,0.158,7
293,Sr,0.158,7
294,Sr,0.158,7
295,Sr,0.158,7
296,Sr,0.158,7
297,Sr,0.158,7
298,Sr,0.158,7
299,Sr,0.158,7
300,Sr,0.158,7
301,Sr,0.158,7
302,Sr,0.158,7
303,Sr,0.158,7
304,Sr,0.158,7
305,Sr,0.158,7
306,Sr,0.1579,7
307,Sr,0.1579,7
308,Sr,0.1579,7
309,Sr,0.1579,7
310,Sr,0.1579,7
311,Sr,0.1579,7
312,Sr,0.1579,7
313,Sr,0.1579,7
314,Sr,0.1579,7
315,Sr,0.1579,7
316,Sr,0.1579,7
317,Sr,0.1579,7
318,Sr,0.1579,7
319,Sr,0.1579,7
320,Sr,0.1579,7
321,Sr,0.1579,7
322,Sr,0.1579,7
323,Sr,0.1579,7
324,Sr,0.1579,7
325,Sr,0.1579,7
326,Sr,0.1579,7
327,Sr,0.1579,7
328,Sr,0.1579,7
329,Sr,0.1579,7
330,Sr,0.1579,7
331,Sr,0.1579,7
332,Sr,0.1579,7
333,Sr,0.1579,7
334,Sr,0.1579,7
335,Sr,0.1579,7
336,Sr,0.1579,7
337,Sr,0.1579,7
338,Sr,0.1579,7
339,Sr,0.1579,7
340,Sr,0.1579,7
341,Sr,0.1579,7
342,Sr,0.1579,7
343,Sr,0.1579,7
344,Sr,0.1579,7
345,Sr,0.1579,7
346,Sr,0.1579,7
347,Sr,0.1579,7
348,Sr,0.1579,7
349,Sr,0.1579,7
350,Sr,0.1579,7
351,Sr,0.1579,7
352,Sr,0.1579,7
0,Er,0.4,8
1,Er,0.3864,8
2,Er,0.3733,8
3,Er,0.3607,8
4,Er,0.3484,8
5,Er,0.3367,8
6,Er,0.3253,8
7,Er,0.3143,8
8,Er,0.3037,8
9,Er,0.2935,8
10,Er,0.2836,8
11,Er,0.2741,8
12,Er,0.2649,8
13,Er,0.2561,8
14,Er,0.2475,8
15,Er,0.2392,8
16,Er,0.2312,8
17,Er,0.2235,8
18,Er,0.2161,8
19,Er,0.2089,8
20,Er,0.202,8
21,Er,0.1953,8
22,Er,0.1889,8
23,Er,0.1826,8
24,Er,0.1766,8
25,Er,0.1708,8
26,Er,0.1652,8
27,Er,0.1598,8
28,Er,0.1546,8
29,Er,0.1495,8
30,Er,0.1447,8
31,Er,0.14,8
32,Er,0.1354,8
33,Er,0.131,8
34,Er,0.1268,8
35,Er,0.1227,8
36,Er,0.1188,8
37,Er,0.115,8
38,Er,0.1113,8
39,Er,0.1077,8
40,Er,0.1043,8
41,Er,0.101,8
42,Er,0.0978,8
43,Er,0.0947,8
44,Er,0.0917,8
45,Er,0.0888,8
46,Er,0.0861,8
47,Er,0.0834,8
48,Er,0.0808,8
49,Er,0.0783,8
50,Er,0.0758,8
51,Er,0.0735,8
52,Er,0.0712,8
53,Er,0.0691,8
54,Er,0.067,8
55,Er,0.0649,8
56,Er,0.063,8
57,Er,0.0611,8
58,Er,0.0592,8
59,Er,0.0575,8
60,Er,0.0557,8
61,Er,0.0541,8
62,Er,0.0525,8
63,Er,0.051,8
64,Er,0.0495,8
65,Er,0.048,8
66,Er,0.0466,8
67,Er,0.0453,8
68,Er,0.044,8
69,Er,0.0427,8
70,Er,0.0415,8
71,Er,0.0404,8
72,Er,0.0392,8
73,Er,0.0381,8
74,Er,0.0371,8
75,Er,0.0361,8
76,Er,0.0351,8
77,Er,0.0341,8
78,Er,0.0332,8
79,Er,0.0323,8
80,Er,0.0315,8
81,Er,0.0306,8
82,Er,0.0298,8
83,Er,0.0291,8
84,Er,0.0283,8
85,Er,0.0276,8
86,Er,0.0269,8
87,Er,0.0262,8
88,Er,0.0256,8
89,Er,0.0249,8
90,Er,0.0243,8
91,Er,0.0237,8
92,Er,0.0232,8
93,Er,0.0226,8
94,Er,0.0221,8
95,Er,0.0216,8
96,Er,0.0211,8
97,Er,0.0206,8
98,Er,0.0201,8
99,Er,0.0197,8
100,Er,0.0192,8
101,Er,0.0188,8
102,Er,0.0184,8
103,Er,0.018,8
104,Er,0.0177,8
105,Er,0.0173,8
106,Er,0.0169,8
107,Er,0.0166,8
108,Er,0.0163,8
109,Er,0.0159,8
110,Er,0.0156,8
111,Er,0.0153,8
112,Er,0.0151,8
113,Er,0.0148,8
114,Er,0.0145,8
115,Er,0.0142,8
116,Er,0.014,8
117,Er,0.0137,8
118,Er,0.0135,8
119,Er,0.0133,8
120,Er,0.0131,8
121,Er,0.0129,8
122,Er,0.0126,8
123,Er,0.0124,8
124,Er,0.0123,8
125,Er,0.0121,8
126,Er,0.0119,8
127,Er,0.0117,8
128,Er,0.0115,8
129,Er,0.0114,8
130,Er,0.0112,8
131,Er,0.0111,8
132,Er,0.0109,8
133,Er,0.0108,8
134,Er,0.0107,8
135,Er,0.0105,8
136,Er,0.0104,8
137,Er,0.0103,8
138,Er,0.0101,8
139,Er,0.01,8
140,Er,0.0099,8
141,Er,0.0098,8
142,Er,0.0097,8
143,Er,0.0096,8
144,Er,0.0095,8
145,Er,0.0094,8
146,Er,0.0093,8
147,Er,0.0092,8
148,Er,0.0091,8
149,Er,0.0091,8
150,Er,0.009,8
151,Er,0.0089,8
152,Er,0.0088,8
153,Er,0.0088,8
154,Er,0.0087,8
155,Er,0.0086,8
156,Er,0.0085,8
157,Er,0.0085,8
158,Er,0.0084,8
159,Er,0.0084,8
160,Er,0.0083,8
161,Er,0.0083,8
162,Er,0.0082,8
163,Er,0.0081,8
164,Er,0.0081,8
165,Er,0.008,8
166,Er,0.008,8
167,Er,0.008,8
168,Er,0.0079,8
169,Er,0.0079,8
170,Er,0.0078,8
171,Er,0.0078,8
172,Er,0.0077,8
173,Er,0.0077,8
174,Er,0.0077,8
175,Er,0.0076,8
176,Er,0.0076,8
177,Er,0.0076,8
178,Er,0.0075,8
179,Er,0.0075,8
180,Er,0.0075,8
181,Er,0.0075,8
182,Er,0.0074,8
183,Er,0.0074,8
184,Er,0.0074,8
185,Er,0.0073,8
186,Er,0.0073,8
187,Er,0.0073,8
188,Er,0.0073,8
189,Er,0.0073,8
190,Er,0.0072,8
191,Er,0.0072,8
192,Er,0.0072,8
193,Er,0.0072,8
194,Er,0.0072,8
195,Er,0.0071,8
196,Er,0.0071,8
197,Er,0.0071,8
198,Er,0.0071,8
199,Er,0.0071,8
200,Er,0.0071,8
201,Er,0.007,8
202,Er,0.007,8
203,Er,0.007,8
204,Er,0.007,8
205,Er,0.007,8
206,Er,0.007,8
207,Er,0.007,8
208,Er,0.0069,8
209,Er,0.0069,8
210,Er,0.0069,8
211,Er,0.0069,8
212,Er,0.0069,8
213,Er,0.0069,8
214,Er,0.0069,8
215,Er,0.0069,8
216,Er,0.0069,8
217,Er,0.0069,8
218,Er,0.0068,8
219,Er,0.0068,8
220,Er,0.0068,8
221,Er,0.0068,8
222,Er,0.0068,8
223,Er,0.0068,8
224,Er,0.0068,8
225,Er,0.0068,8
226,Er,0.0068,8
227,Er,0.0068,8
228,Er,0.0068,8
229,Er,0.0068,8
230,Er,0.0068,8
231,Er,0.0068,8
232,Er,0.0068,8
233,Er,0.0067,8
234,Er,0.0067,8
235,Er,0.0067,8
236,Er,0.0067,8
237,Er,0.0067,8
238,Er,0.0067,8
239,Er,0.0067,8
240,Er,0.0067,8
241,Er,0.0067,8
242,Er,0.0067,8
243,Er,0.0067,8
244,Er,0.0067,8
245,Er,0.0067,8
246,Er,0.0067,8
247,Er,0.0067,8
248,Er,0.0067,8
249,Er,0.0067,8
250,Er,0.0067,8
251,Er,0.0067,8
252,Er,0.0067,8
253,Er,0.0067,8
254,Er,0.0067,8
255,Er,0.0067,8
256,Er,0.0067,8
257,Er,0.0067,8
258,Er,0.0067,8
259,Er,0.0067,8
260,Er,0.0067,8
261,Er,0.0067,8
262,Er,0.0067,8
263,Er,0.0067,8
264,Er,0.0066,8
265,Er,0.0066,8
266,Er,0.0066,8
267,Er,0.0066,8
268,Er,0.0066,8
269,Er,0.0066,8
270,Er,0.0066,8
271,Er,0.0066,8
272,Er,0.0066,8
273,Er,0.0066,8
274,Er,0.0066,8
275,Er,0.0066,8
276,Er,0.0066,8
277,Er,0.0066,8
278,Er,0.0066,8
279,Er,0.0066,8
280,Er,0.0066,8
281,Er,0.0066,8
282,Er,0.0066,8
283,Er,0.0066,8
284,Er,0.0066,8
285,Er,0.0066,8
286,Er,0.0066,8
287,Er,0.0066,8
288,Er,0.0066,8
289,Er,0.0066,8
290,Er,0.0066,8
291,Er,0.0066,8
292,Er,0.0066,8
293,Er,0.0066,8
294,Er,0.0066,8
295,Er,0.0066,8
296,Er,0.0066,8
297,Er,0.0066,8
298,Er,0.0066,8
299,Er,0.0066,8
300,Er,0.0066,8
301,Er,0.0066,8
302,Er,0.0066,8
303,Er,0.0066,8
304,Er,0.0066,8
305,Er,0.0066,8
306,Er,0.0066,8
307,Er,0.0066,8
308,Er,0.0066,8
309,Er,0.0066,8
310,Er,0.0066,8
311,Er,0.0066,8
312,Er,0.0066,8
313,Er,0.0066,8
314,Er,0.0066,8
315,Er,0.0066,8
316,Er,0.0066,8
317,Er,0.0066,8
318,Er,0.0066,8
319,Er,0.0066,8
320,Er,0.0066,8
321,Er,0.0066,8
322,Er,0.0066,8
323,Er,0.0066,8
324,Er,0.0066,8
325,Er,0.0066,8
326,Er,0.0066,8
327,Er,0.0066,8
328,Er,0.0066,8
329,Er,0.0066,8
330,Er,0.0066,8
331,Er,0.0066,8
332,Er,0.0066,8
333,Er,0.0066,8
334,Er,0.0066,8
335,Er,0.0066,8
336,Er,0.0066,8
337,Er,0.0066,8
338,Er,0.0066,8
339,Er,0.0066,8
340,Er,0.0066,8
341,Er,0.0066,8
342,Er,0.0066,8
343,Er,0.0066,8
344,Er,0.0066,8
345,Er,0.0066,8
346,Er,0.0066,8
347,Er,0.0066,8
348,Er,0.0066,8
349,Er,0.0066,8
350,Er,0.0066,8
351,Er,0.0066,8
352,Er,0.0066,8
0,Ir,0.75,9
1,Ir,0.7317,9
2,Ir,0.7138,9
3,Ir,0.6963,9
4,Ir,0.6793,9
5,Ir,0.6626,9
6,Ir,0.6462,9
7,Ir,0.6303,9
8,Ir,0.6147,9
9,Ir,0.5995,9
10,Ir,0.5846,9
11,Ir,0.5701,9
12,Ir,0.5559,9
13,Ir,0.542,9
14,Ir,0.5285,9
15,Ir,0.5152,9
16,Ir,0.5023,9
17,Ir,0.4897,9
18,Ir,0.4774,9
19,Ir,0.4654,9
20,Ir,0.4537,9
21,Ir,0.4422,9
22,Ir,0.431,9
23,Ir,0.4201,9
24,Ir,0.4095,9
25,Ir,0.3991,9
26,Ir,0.389,9
27,Ir,0.3791,9
28,Ir,0.3694,9
29,Ir,0.36,9
30,Ir,0.3508,9
31,Ir,0.3418,9
32,Ir,0.3331,9
33,Ir,0.3246,9
34,Ir,0.3162,9
35,Ir,0.3081,9
36,Ir,0.3002,9
37,Ir,0.2925,9
38,Ir,0.2849,9
39,Ir,0.2776,9
40,Ir,0.2704,9
41,Ir,0.2635,9
42,Ir,0.2567,9
43,Ir,0.25,9
44,Ir,0.2435,9
45,Ir,0.2372,9
46,Ir,0.2311,9
47,Ir,0.2251,9
48,Ir,0.2192,9
49,Ir,0.2136,9
50,Ir,0.208,9
51,Ir,0.2026,9
52,Ir,0.1973,9
53,Ir,0.1922,9
54,Ir,0.1872,9
55,Ir,0.1823,9
56,Ir,0.1775,9
57,Ir,0.1729,9
58,Ir,0.1684,9
59,Ir,0.164,9
60,Ir,0.1597,9
61,Ir,0.1555,9
62,Ir,0.1514,9
63,Ir,0.1475,9
64,Ir,0.1436,9
65,Ir,0.1398,9
66,Ir,0.1362,9
67,Ir,0.1326,9
68,Ir,0.1291,9
69,Ir,0.1257,9
70,Ir,0.1224,9
71,Ir,0.1192,9
72,Ir,0.1161,9
73,Ir,0.113,9
74,Ir,0.1101,9
75,Ir,0.1072,9
76,Ir,0.1044,9
77,Ir,0.1016,9
78,Ir,0.0989,9
79,Ir,0.0963,9
80,Ir,0.0938,9
81,Ir,0.0913,9
82,Ir,0.0889,9
83,Ir,0.0866,9
84,Ir,0.0843,9
85,Ir,0.0821,9
86,Ir,0.0799,9
87,Ir,0.0778,9
88,Ir,0.0758,9
89,Ir,0.0738,9
90,Ir,0.0719,9
91,Ir,0.07,9
92,Ir,0.0681,9
93,Ir,0.0664,9
94,Ir,0.0646,9
95,Ir,0.0629,9
96,Ir,0.0613,9
97,Ir,0.0597,9
98,Ir,0.0581,9
99,Ir,0.0566,9
100,Ir,0.0551,9
101,Ir,0.0537,9
102,Ir,0.0523,9
103,Ir,0.0509,9
104,Ir,0.0496,9
105,Ir,0.0483,9
106,Ir,0.047,9
107,Ir,0.0458,9
108,Ir,0.0446,9
109,Ir,0.0434,9
110,Ir,0.0423,9
111,Ir,0.0412,9
112,Ir,0.0401,9
113,Ir,0.0391,9
114,Ir,0.0381,9
115,Ir,0.0371,9
116,Ir,0.0362,9
117,Ir,0.0352,9
118,Ir,0.0343,9
119,Ir,0.0334,9
120,Ir,0.0326,9
121,Ir,0.0317,9
122,Ir,0.0309,9
123,Ir,0.0301,9
124,Ir,0.0294,9
125,Ir,0.0286,9
126,Ir,0.0279,9
127,Ir,0.0272,9
128,Ir,0.0265,9
129,Ir,0.0258,9
130,Ir,0.0252,9
131,Ir,0.0245,9
132,Ir,0.0239,9
133,Ir,0.0233,9
134,Ir,0.0227,9
135,Ir,0.0222,9
136,Ir,0.0216,9
137,Ir,0.0211,9
138,Ir,0.0206,9
139,Ir,0.02,9
140,Ir,0.0196,9
141,Ir,0.0191,9
142,Ir,0.0186,9
143,Ir,0.0182,9
144,Ir,0.0177,9
145,Ir,0.0173,9
146,Ir,0.0169,9
147,Ir,0.0165,9
148,Ir,0.0161,9
149,Ir,0.0157,9
150,Ir,0.0153,9
151,Ir,0.0149,9
152,Ir,0.0146,9
153,Ir,0.0142,9
154,Ir,0.0139,9
155,Ir,0.0136,9
156,Ir,0.0133,9
157,Ir,0.013,9
158,Ir,0.0127,9
159,Ir,0.0124,9
160,Ir,0.0121,9
161,Ir,0.0118,9
162,Ir,0.0115,9
163,Ir,0.0113,9
164,Ir,0.011,9
165,Ir,0.0108,9
166,Ir,0.0105,9
167,Ir,0.0103,9
168,Ir,0.0101,9
169,Ir,0.0099,9
170,Ir,0.0096,9
171,Ir,0.0094,9
172,Ir,0.0092,9
173,Ir,0.009,9
174,Ir,0.0088,9
175,Ir,0.0087,9
176,Ir,0.0085,9
177,Ir,0.0083,9
178,Ir,0.0081,9
179,Ir,0.008,9
180,Ir,0.0078,9
181,Ir,0.0076,9
182,Ir,0.0075,9
183,Ir,0.0073,9
184,Ir,0.0072,9
185,Ir,0.0071,9
186,Ir,0.0069,9
187,Ir,0.0068,9
188,Ir,0.0067,9
189,Ir,0.0065,9
190,Ir,0.0064,9
191,Ir,0.0063,9
192,Ir,0.0062,9
193,Ir,0.0061,9
194,Ir,0.006,9
195,Ir,0.0059,9
196,Ir,0.0058,9
197,Ir,0.0057,9
198,Ir,0.0056,9
199,Ir,0.0055,9
200,Ir,0.0054,9
201,Ir,0.0053,9
202,Ir,0.0052,9
203,Ir,0.0051,9
204,Ir,0.005,9
205,Ir,0.0049,9
206,Ir,0.0049,9
207,Ir,0.0048,9
208,Ir,0.0047,9
209,Ir,0.0046,9
210,Ir,0.0046,9
211,Ir,0.0045,9
212,Ir,0.0044,9
213,Ir,0.0044,9
214,Ir,0.0043,9
215,Ir,0.0043,9
216,Ir,0.0042,9
217,Ir,0.0041,9
218,Ir,0.0041,9
219,Ir,0.004,9
220,Ir,0.004,9
221,Ir,0.0039,9
222,Ir,0.0039,9
223,Ir,0.0038,9
224,Ir,0.0038,9
225,Ir,0.0037,9
226,Ir,0.0037,9
227,Ir,0.0037,9
228,Ir,0.0036,9
229,Ir,0.0036,9
230,Ir,0.0035,9
231,Ir,0.0035,9
232,Ir,0.0035,9
233,Ir,0.0034,9
234,Ir,0.0034,9
235,Ir,0.0034,9
236,Ir,0.0033,9
237,Ir,0.0033,9
238,Ir,0.0033,9
239,Ir,0.0032,9
240,Ir,0.0032,9
241,Ir,0.0032,9
242,Ir,0.0031,9
243,Ir,0.0031,9
244,Ir,0.0031,9
245,Ir,0.0031,9
246,Ir,0.003,9
247,Ir,0.003,9
248,Ir,0.003,9
249,Ir,0.003,9
250,Ir,0.003,9
251,Ir,0.0029,9
252,Ir,0.0029,9
253,Ir,0.0029,9
254,Ir,0.0029,9
255,Ir,0.0029,9
256,Ir,0.0028,9
257,Ir,0.0028,9
258,Ir,0.0028,9
259,Ir,0.0028,9
260,Ir,0.0028,9
261,Ir,0.0027,9
262,Ir,0.0027,9
263,Ir,0.0027,9
264,Ir,0.0027,9
265,Ir,0.0027,9
266,Ir,0.0027,9
267,Ir,0.0027,9
268,Ir,0.0026,9
269,Ir,0.0026,9
270,Ir,0.0026,9
271,Ir,0.0026,9
272,Ir,0.0026,9
273,Ir,0.0026,9
274,Ir,0.0026,9
275,Ir,0.0026,9
276,Ir,0.0026,9
277,Ir,0.0025,9
278,Ir,0.0025,9
279,Ir,0.0025,9
280,Ir,0.0025,9
281,Ir,0.0025,9
282,Ir,0.0025,9
283,Ir,0.0025,9
284,Ir,0.0025,9
285,Ir,0.0025,9
286,Ir,0.0025,9
287,Ir,0.0025,9
288,Ir,0.0024,9
289,Ir,0.0024,9
290,Ir,0.0024,9
291,Ir,0.0024,9
292,Ir,0.0024,9
293,Ir,0.0024,9
294,Ir,0.0024,9
295,Ir,0.0024,9
296,Ir,0.0024,9
297,Ir,0.0024,9
298,Ir,0.0024,9
299,Ir,0.0024,9
300,Ir,0.0024,9
301,Ir,0.0024,9
302,Ir,0.0024,9
303,Ir,0.0024,9
304,Ir,0.0024,9
305,Ir,0.0024,9
306,Ir,0.0023,9
307,Ir,0.0023,9
308,Ir,0.0023,9
309,Ir,0.0023,9
310,Ir,0.0023,9
311,Ir,0.0023,9
312,Ir,0.0023,9
313,Ir,0.0023,9
314,Ir,0.0023,9
315,Ir,0.0023,9
316,Ir,0.0023,9
317,Ir,0.0023,9
318,Ir,0.0023,9
319,Ir,0.0023,9
320,Ir,0.0023,9
321,Ir,0.0023,9
322,Ir,0.0023,9
323,Ir,0.0023,9
324,Ir,0.0023,9
325,Ir,0.0023,9
326,Ir,0.0023,9
327,Ir,0.0023,9
328,Ir,0.0023,9
329,Ir,0.0023,9
330,Ir,0.0023,9
331,Ir,0.0023,9
332,Ir,0.0023,9
333,Ir,0.0023,9
334,Ir,0.0023,9
335,Ir,0.0023,9
336,Ir,0.0023,9
337,Ir,0.0023,9
338,Ir,0.0023,9
339,Ir,0.0023,9
340,Ir,0.0023,9
341,Ir,0.0023,9
342,Ir,0.0022,9
343,Ir,0.0022,9
344,Ir,0.0022,9
345,Ir,0.0022,9
346,Ir,0.0022,9
347,Ir,0.0022,9
348,Ir,0.0022,9
349,Ir,0.0022,9
350,Ir,0.0022,9
351,Ir,0.0022,9
352,Ir,0.0022,9
